New https://pypi.org/project/ultralytics/8.4.130 available 😃 Update with 'pip install -U ultralytics'
Ultralytics 8.4.129 🚀 Python-3.13.9 torch-2.13.0 CPU (Apple M4 Pro)
[34m[1mengine/trainer: [0magnostic_nms=False, amp=True, angle=1.0, augment=False, auto_augment=randaugment, batch=8, bgr=0.0, box=7.5, cache=False, cfg=None, channels_last=False, classes=None, close_mosaic=10, cls=0.5, cls_pw=0.0, cls_remap=True, compile=False, conf=None, copy_paste=0.0, copy_paste_mode=flip, cos_lr=False, cutmix=0.0, data=dataset_shuttlecock/data.yaml, degrees=0.0, deterministic=True, device=, dfl=1.5, dgrad=0.5, dis=6.0, distill_model=None, dlam=1.0, dlog=1.0, dnn=False, dropout=0.0, dynamic=False, embed=None, end2end=None, epochs=50, erasing=0.4, exist_ok=False, fliplr=0.5, flipud=0.0, format=torchscript, fraction=1.0, freeze=None, hsv_h=0.015, hsv_s=0.7, hsv_v=0.4, imgsz=1280, iou=0.7, keras=False, kobj=1.0, line_width=None, lr0=0.01, lrf=0.01, mask_ratio=4, max_det=300, mixup=0.0, mode=train, model=yolov8s.pt, momentum=0.937, mosaic=1.0, multi_scale=0.0, name=shuttlecock_only, nbs=64, nms=False, opset=None, optimize=False, optimizer=auto, overlap_mask=True, patience=10, perspective=0.0, plots=True, pose=12.0, pretrained=True, profile=False, project=runs, quantize=None, rect=False, resume=False, retina_masks=False, rle=1.0, save=True, save_conf=False, save_crop=False, save_dir=/Users/riepham/Downloads/BadmintonCV/runs/detect/runs/shuttlecock_only, save_frames=False, save_json=False, save_period=-1, save_txt=False, scale=0.5, seed=0, shear=0.0, show=False, show_boxes=True, show_conf=True, show_labels=True, simplify=True, single_cls=False, source=None, split=val, stream_buffer=False, task=detect, time=None, tracker=tracktrack.yaml, translate=0.1, val=True, verbose=True, vid_stride=1, visualize=False, warmup_bias_lr=0.1, warmup_epochs=3.0, warmup_momentum=0.8, weight_decay=0.0005, workers=8, workspace=None
Overriding model.yaml nc=80 with nc=1

                   from  n    params  module                                       arguments                     
  0                  -1  1       928  ultralytics.nn.modules.conv.Conv             [3, 32, 3, 2]                 
  1                  -1  1     18560  ultralytics.nn.modules.conv.Conv             [32, 64, 3, 2]                
  2                  -1  1     29056  ultralytics.nn.modules.block.C2f             [64, 64, 1, True]             
  3                  -1  1     73984  ultralytics.nn.modules.conv.Conv             [64, 128, 3, 2]               
  4                  -1  2    197632  ultralytics.nn.modules.block.C2f             [128, 128, 2, True]           
  5                  -1  1    295424  ultralytics.nn.modules.conv.Conv             [128, 256, 3, 2]              
  6                  -1  2    788480  ultralytics.nn.modules.block.C2f             [256, 256, 2, True]           
  7                  -1  1   1180672  ultralytics.nn.modules.conv.Conv             [256, 512, 3, 2]              
  8                  -1  1   1838080  ultralytics.nn.modules.block.C2f             [512, 512, 1, True]           
  9                  -1  1    656896  ultralytics.nn.modules.block.SPPF            [512, 512, 5]                 
 10                  -1  1         0  torch.nn.modules.upsampling.Upsample         [None, 2, 'nearest']          
 11             [-1, 6]  1         0  ultralytics.nn.modules.conv.Concat           [1]                           
 12                  -1  1    591360  ultralytics.nn.modules.block.C2f             [768, 256, 1]                 
 13                  -1  1         0  torch.nn.modules.upsampling.Upsample         [None, 2, 'nearest']          
 14             [-1, 4]  1         0  ultralytics.nn.modules.conv.Concat           [1]                           
 15                  -1  1    148224  ultralytics.nn.modules.block.C2f             [384, 128, 1]                 
 16                  -1  1    147712  ultralytics.nn.modules.conv.Conv             [128, 128, 3, 2]              
 17            [-1, 12]  1         0  ultralytics.nn.modules.conv.Concat           [1]                           
 18                  -1  1    493056  ultralytics.nn.modules.block.C2f             [384, 256, 1]                 
 19                  -1  1    590336  ultralytics.nn.modules.conv.Conv             [256, 256, 3, 2]              
 20             [-1, 9]  1         0  ultralytics.nn.modules.conv.Concat           [1]                           
 21                  -1  1   1969152  ultralytics.nn.modules.block.C2f             [768, 512, 1]                 
 22        [15, 18, 21]  1   2116435  ultralytics.nn.modules.head.Detect           [1, 16, None, [128, 256, 512]]
Model summary: 130 layers, 11,135,987 parameters, 11,135,971 gradients, 28.6 GFLOPs

Transferred 349/355 items from pretrained weights
Freezing layer 'model.22.dfl.conv.weight'
[34m[1mtrain: [0mFast image access ✅ (ping: 0.0±0.0 ms, read: 505.2±58.1 MB/s, size: 206.1 KB)

[K[34m[1mtrain: [0mScanning /Users/riepham/Downloads/BadmintonCV/dataset_shuttlecock/train/labels... 472 images, 88 backgrounds, 0 corrupt: 100% ━━━━━━━━━━━━ 472/472 6.7Kit/s 0.1s
[34m[1mtrain: [0mNew cache created: /Users/riepham/Downloads/BadmintonCV/dataset_shuttlecock/train/labels.cache
[34m[1mval: [0mFast image access ✅ (ping: 0.0±0.0 ms, read: 702.1±103.1 MB/s, size: 238.5 KB)

[K[34m[1mval: [0mScanning /Users/riepham/Downloads/BadmintonCV/dataset_shuttlecock/valid/labels... 139 images, 31 backgrounds, 0 corrupt: 100% ━━━━━━━━━━━━ 139/139 7.6Kit/s 0.0s
[34m[1mval: [0mNew cache created: /Users/riepham/Downloads/BadmintonCV/dataset_shuttlecock/valid/labels.cache
[34m[1moptimizer:[0m 'optimizer=auto' found, ignoring 'lr0=0.01' and 'momentum=0.937' and determining best 'optimizer', 'lr0' and 'momentum' automatically... 
[34m[1moptimizer:[0m AdamW(lr=0.002, momentum=0.9) with parameter groups 57 weight(decay=0.0), 64 weight(decay=0.0005), 63 bias(decay=0.0)
Plotting labels to /Users/riepham/Downloads/BadmintonCV/runs/detect/runs/shuttlecock_only/labels.jpg... 
Image sizes 1280 train, 1280 val
Using 0 dataloader workers
Logging results to [1m/Users/riepham/Downloads/BadmintonCV/runs/detect/runs/shuttlecock_only[0m
Starting training for 50 epochs...

      Epoch    GPU_mem   box_loss   cls_loss   dfl_loss  Instances       Size

[K       1/50         0G      2.219      149.3     0.9068          8       1280: 0% ──────────── 0/59  10.8s
[K       1/50         0G      2.191      148.9     0.9228         13       1280: 1% ──────────── 1/59 33.3s/it 20.8s<32:12
[K       1/50         0G      2.121        133     0.9233         10       1280: 3% ──────────── 2/59 20.5s/it 31.6s<19:28
[K       1/50         0G       2.09      116.8     0.9028         12       1280: 5% ╸─────────── 3/59 15.4s/it 41.4s<14:24
[K       1/50         0G       2.28      107.8     0.8732         12       1280: 6% ╸─────────── 4/59 13.2s/it 51.2s<12:03
[K       1/50         0G      2.335       99.8     0.8798         13       1280: 8% ━─────────── 5/59 12.2s/it 1:02<11:01
[K       1/50         0G      2.297      91.61     0.8725         11       1280: 10% ━─────────── 6/59 11.1s/it 1:11<9:47
[K       1/50         0G      2.389      85.79     0.8795         13       1280: 11% ━─────────── 7/59 10.8s/it 1:21<9:19
[K       1/50         0G      2.442         85     0.8711          9       1280: 13% ━╸────────── 8/59 10.7s/it 1:31<9:04
[K       1/50         0G       2.37      80.36      0.871          7       1280: 15% ━╸────────── 9/59 10.3s/it 1:41<8:37
[K       1/50         0G      2.366       75.8     0.8701         11       1280: 16% ━━────────── 10/59 10.0s/it 1:50<8:08
[K       1/50         0G       2.36      72.21     0.8689         12       1280: 18% ━━────────── 11/59 9.7s/it 1:59<7:45
[K       1/50         0G      2.362      69.35     0.8643         11       1280: 20% ━━────────── 12/59 9.5s/it 2:08<7:28
[K       1/50         0G       2.41      67.27     0.8732          9       1280: 22% ━━╸───────── 13/59 9.6s/it 2:18<7:21
[K       1/50         0G      2.355      65.37     0.8691          4       1280: 23% ━━╸───────── 14/59 9.7s/it 2:28<7:19
[K       1/50         0G      2.353      62.69     0.8722         12       1280: 25% ━━━───────── 15/59 9.6s/it 2:38<7:04
[K       1/50         0G      2.348      60.56     0.8687          8       1280: 27% ━━━───────── 16/59 9.8s/it 2:48<7:01
[K       1/50         0G      2.318      58.23     0.8652         10       1280: 28% ━━━───────── 17/59 9.7s/it 2:57<6:49
[K       1/50         0G      2.294      56.31       0.86          9       1280: 30% ━━━╸──────── 18/59 9.5s/it 3:07<6:31
[K       1/50         0G       2.31      54.32      0.863         14       1280: 32% ━━━╸──────── 19/59 9.5s/it 3:16<6:22
[K       1/50         0G      2.282      52.73     0.8625         10       1280: 33% ━━━━──────── 20/59 9.5s/it 3:26<6:12
[K       1/50         0G      2.308      51.36     0.8633         10       1280: 35% ━━━━──────── 21/59 9.5s/it 3:35<6:01
[K       1/50         0G      2.307      50.16      0.864          5       1280: 37% ━━━━──────── 22/59 9.6s/it 3:45<5:55
[K       1/50         0G      2.315      48.61     0.8618         12       1280: 38% ━━━━╸─────── 23/59 9.5s/it 3:54<5:43
[K       1/50         0G       2.34      47.32     0.8612         11       1280: 40% ━━━━╸─────── 24/59 9.4s/it 4:03<5:28
[K       1/50         0G      2.338      46.02     0.8627         12       1280: 42% ━━━━━─────── 25/59 9.3s/it 4:13<5:17
[K       1/50         0G       2.33      44.73     0.8611         13       1280: 44% ━━━━━─────── 26/59 9.3s/it 4:22<5:08
[K       1/50         0G      2.342      43.45     0.8578         16       1280: 45% ━━━━━─────── 27/59 9.4s/it 4:31<5:01
[K       1/50         0G      2.329      42.21      0.857         15       1280: 47% ━━━━━╸────── 28/59 9.3s/it 4:41<4:49
[K       1/50         0G      2.338      41.32     0.8604         10       1280: 49% ━━━━━╸────── 29/59 9.3s/it 4:50<4:38
[K       1/50         0G      2.346      40.24     0.8615         13       1280: 50% ━━━━━━────── 30/59 9.3s/it 4:59<4:30
[K       1/50         0G      2.376      39.29     0.8635         15       1280: 52% ━━━━━━────── 31/59 9.3s/it 5:08<4:20
[K       1/50         0G      2.381      38.34     0.8611         13       1280: 54% ━━━━━━╸───── 32/59 9.6s/it 5:19<4:18
[K       1/50         0G       2.41      37.62     0.8603         11       1280: 55% ━━━━━━╸───── 33/59 9.6s/it 5:28<4:10
[K       1/50         0G      2.418      36.78      0.862         12       1280: 57% ━━━━━━╸───── 34/59 9.4s/it 5:37<3:56
[K       1/50         0G      2.417      35.95     0.8613         15       1280: 59% ━━━━━━━───── 35/59 9.4s/it 5:47<3:46
[K       1/50         0G      2.411      35.19     0.8579         10       1280: 61% ━━━━━━━───── 36/59 9.4s/it 5:56<3:35
[K       1/50         0G      2.419      34.56     0.8658          7       1280: 62% ━━━━━━━╸──── 37/59 9.5s/it 6:06<3:28
[K       1/50         0G       2.42      33.83     0.8656         15       1280: 64% ━━━━━━━╸──── 38/59 9.5s/it 6:15<3:19
[K       1/50         0G       2.41      33.19     0.8632          9       1280: 66% ━━━━━━━╸──── 39/59 9.4s/it 6:25<3:08
[K       1/50         0G      2.415      32.51     0.8627         18       1280: 67% ━━━━━━━━──── 40/59 9.4s/it 6:34<2:58
[K       1/50         0G      2.405      31.93     0.8608         12       1280: 69% ━━━━━━━━──── 41/59 9.2s/it 6:43<2:46
[K       1/50         0G      2.398      31.32     0.8587         11       1280: 71% ━━━━━━━━╸─── 42/59 9.4s/it 6:53<2:41
[K       1/50         0G      2.396      30.75     0.8589         12       1280: 72% ━━━━━━━━╸─── 43/59 9.4s/it 7:02<2:31
[K       1/50         0G      2.393      30.21      0.859         11       1280: 74% ━━━━━━━━╸─── 44/59 9.4s/it 7:11<2:21
[K       1/50         0G      2.385      29.66     0.8558         13       1280: 76% ━━━━━━━━━─── 45/59 9.5s/it 7:21<2:13
[K       1/50         0G      2.381      29.24     0.8542          8       1280: 77% ━━━━━━━━━─── 46/59 9.6s/it 7:31<2:04
[K       1/50         0G       2.39      28.78     0.8531         14       1280: 79% ━━━━━━━━━╸── 47/59 9.4s/it 7:40<1:53
[K       1/50         0G       2.38      28.36     0.8503          9       1280: 81% ━━━━━━━━━╸── 48/59 9.6s/it 7:50<1:45
[K       1/50         0G      2.384      27.89      0.851         13       1280: 83% ━━━━━━━━━╸── 49/59 9.4s/it 7:59<1:34
[K       1/50         0G      2.389      27.43     0.8504         13       1280: 84% ━━━━━━━━━━── 50/59 9.4s/it 8:08<1:25
[K       1/50         0G      2.378      27.04     0.8486          9       1280: 86% ━━━━━━━━━━── 51/59 9.4s/it 8:18<1:15
[K       1/50         0G      2.386      26.65     0.8492         10       1280: 88% ━━━━━━━━━━╸─ 52/59 9.4s/it 8:27<1:06
[K       1/50         0G       2.39      26.26     0.8479         12       1280: 89% ━━━━━━━━━━╸─ 53/59 9.3s/it 8:36<55.6s
[K       1/50         0G      2.392      25.92     0.8463          6       1280: 91% ━━━━━━━━━━╸─ 54/59 9.2s/it 8:45<46.0s
[K       1/50         0G      2.386      25.54     0.8459         10       1280: 93% ━━━━━━━━━━━─ 55/59 9.4s/it 8:55<37.7s
[K       1/50         0G      2.387      25.18      0.845         10       1280: 94% ━━━━━━━━━━━─ 56/59 9.3s/it 9:04<28.0s
[K       1/50         0G      2.391      24.82     0.8461         13       1280: 96% ━━━━━━━━━━━╸ 57/59 9.5s/it 9:14<19.1s
[K       1/50         0G      2.382      24.49     0.8461         11       1280: 98% ━━━━━━━━━━━╸ 58/59 9.5s/it 9:24<9.5s
[K       1/50         0G      2.382      24.49     0.8461         11       1280: 100% ━━━━━━━━━━━━ 59/59 9.6s/it 9:24

[K                 Class     Images  Instances      Box(P          R      mAP50  mAP50-95): 11% ━─────────── 1/9 21.6s/it 6.5s<2:53
[K                 Class     Images  Instances      Box(P          R      mAP50  mAP50-95): 22% ━━╸───────── 2/9 12.4s/it 12.7s<1:27
[K                 Class     Images  Instances      Box(P          R      mAP50  mAP50-95): 33% ━━━━──────── 3/9 9.7s/it 19.2s<58.3s
[K                 Class     Images  Instances      Box(P          R      mAP50  mAP50-95): 44% ━━━━━─────── 4/9 8.4s/it 25.6s<42.2s
[K                 Class     Images  Instances      Box(P          R      mAP50  mAP50-95): 55% ━━━━━━╸───── 5/9 7.7s/it 32.0s<30.8s
[K                 Class     Images  Instances      Box(P          R      mAP50  mAP50-95): 66% ━━━━━━━━──── 6/9 7.3s/it 38.5s<21.9s
[K                 Class     Images  Instances      Box(P          R      mAP50  mAP50-95): 77% ━━━━━━━━━─── 7/9 7.0s/it 44.9s<14.0s
[K                 Class     Images  Instances      Box(P          R      mAP50  mAP50-95): 88% ━━━━━━━━━━╸─ 8/9 6.8s/it 51.2s<6.8s
[K                 Class     Images  Instances      Box(P          R      mAP50  mAP50-95): 100% ━━━━━━━━━━━━ 9/9 5.9s/it 53.0s
                   all        139        109      0.834      0.462      0.504      0.192

      Epoch    GPU_mem   box_loss   cls_loss   dfl_loss  Instances       Size

[K       2/50         0G      1.992      4.397     0.8928         11       1280: 0% ──────────── 0/59  9.9s
[K       2/50         0G      2.152      4.077     0.8402         11       1280: 1% ──────────── 1/59 32.2s/it 19.5s<31:10
[K       2/50         0G      2.202      4.268     0.8397         11       1280: 3% ──────────── 2/59 19.1s/it 29.3s<18:07
[K       2/50         0G       2.36      4.524     0.8692         10       1280: 5% ╸─────────── 3/59 14.9s/it 39.1s<13:52
[K       2/50         0G      2.468      4.499      0.895         12       1280: 6% ╸─────────── 4/59 12.8s/it 48.9s<11:46
[K       2/50         0G      2.447      4.458     0.8934         13       1280: 8% ━─────────── 5/59 11.7s/it 58.6s<10:33
[K       2/50         0G       2.37      4.521     0.8918         12       1280: 10% ━─────────── 6/59 11.2s/it 1:09<9:53
[K       2/50         0G      2.351      4.381     0.8851         13       1280: 11% ━─────────── 7/59 10.6s/it 1:18<9:09
[K       2/50         0G      2.329      4.408       0.89          9       1280: 13% ━╸────────── 8/59 9.9s/it 1:27<8:25
[K       2/50         0G      2.287      4.321     0.8906         11       1280: 15% ━╸────────── 9/59 9.7s/it 1:36<8:06
[K       2/50         0G      2.349      4.459     0.8931         12       1280: 16% ━━────────── 10/59 9.3s/it 1:45<7:38
[K       2/50         0G       2.37      4.619     0.8847         10       1280: 18% ━━────────── 11/59 9.3s/it 1:54<7:25
[K       2/50         0G      2.397       4.59     0.8797         10       1280: 20% ━━────────── 12/59 9.4s/it 2:04<7:23
[K       2/50         0G      2.383      4.494     0.8746         10       1280: 22% ━━╸───────── 13/59 9.4s/it 2:13<7:12
[K       2/50         0G      2.384      4.522     0.8666         10       1280: 23% ━━╸───────── 14/59 9.4s/it 2:22<7:05
[K       2/50         0G      2.375      4.462     0.8615         14       1280: 25% ━━━───────── 15/59 9.5s/it 2:32<6:56
[K       2/50         0G      2.424      4.704     0.8608          7       1280: 27% ━━━───────── 16/59 9.3s/it 2:41<6:38
[K       2/50         0G      2.437      4.623     0.8579         12       1280: 28% ━━━───────── 17/59 9.3s/it 2:50<6:30
[K       2/50         0G      2.463      4.633     0.8642          9       1280: 30% ━━━╸──────── 18/59 9.2s/it 2:59<6:19
[K       2/50         0G      2.459      4.557     0.8619         14       1280: 32% ━━━╸──────── 19/59 9.5s/it 3:09<6:19
[K       2/50         0G      2.474      4.502     0.8643         19       1280: 33% ━━━━──────── 20/59 9.5s/it 3:19<6:09
[K       2/50         0G      2.462      4.522     0.8651         10       1280: 35% ━━━━──────── 21/59 9.5s/it 3:28<6:01
[K       2/50         0G      2.456      4.548     0.8599         10       1280: 37% ━━━━──────── 22/59 9.4s/it 3:37<5:48
[K       2/50         0G      2.462      4.569     0.8693          8       1280: 38% ━━━━╸─────── 23/59 9.4s/it 3:47<5:40
[K       2/50         0G       2.49      4.612     0.8727         10       1280: 40% ━━━━╸─────── 24/59 9.5s/it 3:57<5:31
[K       2/50         0G      2.478      4.547     0.8733         10       1280: 42% ━━━━━─────── 25/59 9.6s/it 4:06<5:27
[K       2/50         0G      2.504      4.535     0.8661          9       1280: 44% ━━━━━─────── 26/59 9.6s/it 4:16<5:16
[K       2/50         0G      2.504       4.48     0.8664         11       1280: 45% ━━━━━─────── 27/59 9.6s/it 4:26<5:08
[K       2/50         0G      2.494      4.454     0.8653          8       1280: 47% ━━━━━╸────── 28/59 9.5s/it 4:35<4:56
[K       2/50         0G      2.507      4.396      0.865         16       1280: 49% ━━━━━╸────── 29/59 9.4s/it 4:44<4:42
[K       2/50         0G      2.495      4.371     0.8609          5       1280: 50% ━━━━━━────── 30/59 9.3s/it 4:53<4:29
[K       2/50         0G      2.498      4.329     0.8591         18       1280: 52% ━━━━━━────── 31/59 9.3s/it 5:03<4:20
[K       2/50         0G      2.502      4.276     0.8551         13       1280: 54% ━━━━━━╸───── 32/59 9.2s/it 5:11<4:08
[K       2/50         0G      2.514      4.248     0.8537         16       1280: 55% ━━━━━━╸───── 33/59 9.3s/it 5:21<4:01
[K       2/50         0G      2.522      4.232     0.8593         10       1280: 57% ━━━━━━╸───── 34/59 9.2s/it 5:30<3:49
[K       2/50         0G      2.528      4.187     0.8571         14       1280: 59% ━━━━━━━───── 35/59 9.2s/it 5:39<3:40
[K       2/50         0G      2.534       4.16     0.8524          8       1280: 61% ━━━━━━━───── 36/59 9.1s/it 5:48<3:30
[K       2/50         0G       2.53      4.119     0.8518         12       1280: 62% ━━━━━━━╸──── 37/59 9.2s/it 5:58<3:23
[K       2/50         0G       2.52      4.105     0.8508          6       1280: 64% ━━━━━━━╸──── 38/59 9.2s/it 6:07<3:14
[K       2/50         0G      2.531      4.067      0.849         14       1280: 66% ━━━━━━━╸──── 39/59 9.1s/it 6:16<3:02
[K       2/50         0G      2.536      4.017     0.8479         13       1280: 67% ━━━━━━━━──── 40/59 8.9s/it 6:24<2:49
[K       2/50         0G      2.534      3.985     0.8485         13       1280: 69% ━━━━━━━━──── 41/59 9.0s/it 6:33<2:42
[K       2/50         0G      2.537      3.983     0.8514         13       1280: 71% ━━━━━━━━╸─── 42/59 8.9s/it 6:42<2:31
[K       2/50         0G       2.54      3.946     0.8517          9       1280: 72% ━━━━━━━━╸─── 43/59 8.9s/it 6:51<2:22
[K       2/50         0G      2.532       3.92     0.8513         12       1280: 74% ━━━━━━━━╸─── 44/59 8.8s/it 6:60<2:12
[K       2/50         0G      2.526      3.888     0.8521         13       1280: 76% ━━━━━━━━━─── 45/59 9.0s/it 7:09<2:06
[K       2/50         0G      2.519       3.85     0.8529         11       1280: 77% ━━━━━━━━━─── 46/59 9.1s/it 7:18<1:58
[K       2/50         0G      2.515      3.837     0.8524         11       1280: 79% ━━━━━━━━━╸── 47/59 9.3s/it 7:28<1:52
[K       2/50         0G      2.511      3.815     0.8519         12       1280: 81% ━━━━━━━━━╸── 48/59 9.2s/it 7:37<1:41
[K       2/50         0G      2.502      3.785     0.8523         11       1280: 83% ━━━━━━━━━╸── 49/59 9.1s/it 7:46<1:31
[K       2/50         0G      2.507      3.766      0.853         12       1280: 84% ━━━━━━━━━━── 50/59 9.1s/it 7:55<1:22
[K       2/50         0G      2.502      3.745     0.8562          9       1280: 86% ━━━━━━━━━━── 51/59 9.1s/it 8:04<1:12
[K       2/50         0G      2.503      3.733     0.8572         11       1280: 88% ━━━━━━━━━━╸─ 52/59 9.1s/it 8:13<1:04
[K       2/50         0G      2.503      3.703      0.857         15       1280: 89% ━━━━━━━━━━╸─ 53/59 9.0s/it 8:22<53.9s
[K       2/50         0G      2.505      3.672     0.8546          9       1280: 91% ━━━━━━━━━━╸─ 54/59 8.8s/it 8:30<44.0s
[K       2/50         0G      2.508      3.649     0.8579         12       1280: 93% ━━━━━━━━━━━─ 55/59 8.7s/it 8:39<35.0s
[K       2/50         0G      2.517      3.625     0.8575         15       1280: 94% ━━━━━━━━━━━─ 56/59 8.8s/it 8:48<26.3s
[K       2/50         0G      2.516      3.599     0.8575          8       1280: 96% ━━━━━━━━━━━╸ 57/59 9.0s/it 8:57<17.9s
[K       2/50         0G      2.513      3.584     0.8601          9       1280: 98% ━━━━━━━━━━━╸ 58/59 9.3s/it 9:07<9.3s
[K       2/50         0G      2.513      3.584     0.8601          9       1280: 100% ━━━━━━━━━━━━ 59/59 9.3s/it 9:07

[K                 Class     Images  Instances      Box(P          R      mAP50  mAP50-95): 11% ━─────────── 1/9 21.2s/it 6.4s<2:50
[K                 Class     Images  Instances      Box(P          R      mAP50  mAP50-95): 22% ━━╸───────── 2/9 12.4s/it 12.7s<1:27
[K                 Class     Images  Instances      Box(P          R      mAP50  mAP50-95): 33% ━━━━──────── 3/9 9.6s/it 18.9s<57.4s
[K                 Class     Images  Instances      Box(P          R      mAP50  mAP50-95): 44% ━━━━━─────── 4/9 8.3s/it 25.2s<41.4s
[K                 Class     Images  Instances      Box(P          R      mAP50  mAP50-95): 55% ━━━━━━╸───── 5/9 7.5s/it 31.4s<30.1s
[K                 Class     Images  Instances      Box(P          R      mAP50  mAP50-95): 66% ━━━━━━━━──── 6/9 7.1s/it 37.7s<21.4s
[K                 Class     Images  Instances      Box(P          R      mAP50  mAP50-95): 77% ━━━━━━━━━─── 7/9 6.8s/it 44.0s<13.7s
[K                 Class     Images  Instances      Box(P          R      mAP50  mAP50-95): 88% ━━━━━━━━━━╸─ 8/9 6.6s/it 50.2s<6.6s
[K                 Class     Images  Instances      Box(P          R      mAP50  mAP50-95): 100% ━━━━━━━━━━━━ 9/9 5.8s/it 52.0s
                   all        139        109      0.655      0.339      0.335      0.118

      Epoch    GPU_mem   box_loss   cls_loss   dfl_loss  Instances       Size

[K       3/50         0G      2.663      2.792     0.8922         11       1280: 0% ──────────── 0/59  9.9s
[K       3/50         0G      2.721      2.546     0.8539          8       1280: 1% ──────────── 1/59 32.0s/it 19.5s<30:54
[K       3/50         0G      2.645      2.498     0.8217         11       1280: 3% ──────────── 2/59 18.0s/it 28.4s<17:07
[K       3/50         0G      2.668       2.51     0.8424          8       1280: 5% ╸─────────── 3/59 14.1s/it 37.7s<13:08
[K       3/50         0G      2.587      2.497     0.8516         14       1280: 6% ╸─────────── 4/59 11.9s/it 46.4s<10:53
[K       3/50         0G      2.602       2.57     0.8626         11       1280: 8% ━─────────── 5/59 10.7s/it 55.0s<9:35
[K       3/50         0G      2.577      2.611     0.8556          7       1280: 10% ━─────────── 6/59 10.0s/it 1:04<8:50
[K       3/50         0G      2.576      2.587      0.848         11       1280: 11% ━─────────── 7/59 9.7s/it 1:13<8:24
[K       3/50         0G      2.547      2.567     0.8524         11       1280: 13% ━╸────────── 8/59 9.4s/it 1:22<7:60
[K       3/50         0G      2.499      2.629      0.855          9       1280: 15% ━╸────────── 9/59 9.2s/it 1:30<7:40
[K       3/50         0G      2.496       2.62     0.8468         12       1280: 16% ━━────────── 10/59 9.0s/it 1:39<7:21
[K       3/50         0G      2.579      2.725     0.8445          8       1280: 18% ━━────────── 11/59 8.9s/it 1:48<7:09
[K       3/50         0G      2.554      2.704     0.8427         13       1280: 20% ━━────────── 12/59 8.8s/it 1:56<6:52
[K       3/50         0G      2.552      2.757     0.8528          7       1280: 22% ━━╸───────── 13/59 8.8s/it 2:05<6:44
[K       3/50         0G      2.554      2.735     0.8539         11       1280: 23% ━━╸───────── 14/59 8.9s/it 2:14<6:39
[K       3/50         0G       2.55      2.702     0.8514          8       1280: 25% ━━━───────── 15/59 8.9s/it 2:23<6:31
[K       3/50         0G      2.557      2.665     0.8485          8       1280: 27% ━━━───────── 16/59 8.9s/it 2:32<6:21
[K       3/50         0G      2.568      2.677     0.8443          6       1280: 28% ━━━───────── 17/59 8.9s/it 2:41<6:13
[K       3/50         0G      2.579      2.681     0.8397         11       1280: 30% ━━━╸──────── 18/59 8.9s/it 2:50<6:05
[K       3/50         0G      2.568      2.712      0.843          7       1280: 32% ━━━╸──────── 19/59 8.9s/it 2:59<5:58
[K       3/50         0G      2.554      2.722     0.8501          6       1280: 33% ━━━━──────── 20/59 9.1s/it 3:08<5:55
[K       3/50         0G      2.575      2.722     0.8498         12       1280: 35% ━━━━──────── 21/59 9.0s/it 3:17<5:42
[K       3/50         0G      2.578      2.728     0.8522          5       1280: 37% ━━━━──────── 22/59 9.0s/it 3:26<5:34
[K       3/50         0G      2.562      2.681     0.8502         10       1280: 38% ━━━━╸─────── 23/59 9.1s/it 3:35<5:28
[K       3/50         0G      2.593      2.709     0.8545         10       1280: 40% ━━━━╸─────── 24/59 9.1s/it 3:44<5:18
[K       3/50         0G      2.592      2.697     0.8555         15       1280: 42% ━━━━━─────── 25/59 9.1s/it 3:54<5:09
[K       3/50         0G       2.58      2.681     0.8527          9       1280: 44% ━━━━━─────── 26/59 9.0s/it 4:02<4:56
[K       3/50         0G      2.561       2.64     0.8496          9       1280: 45% ━━━━━─────── 27/59 9.1s/it 4:12<4:52
[K       3/50         0G      2.544        2.6      0.849         12       1280: 47% ━━━━━╸────── 28/59 9.1s/it 4:21<4:41
[K       3/50         0G      2.539      2.573      0.851          9       1280: 49% ━━━━━╸────── 29/59 9.1s/it 4:30<4:32
[K       3/50         0G      2.538      2.552     0.8526          9       1280: 50% ━━━━━━────── 30/59 9.2s/it 4:39<4:27
[K       3/50         0G      2.523      2.527       0.85         10       1280: 52% ━━━━━━────── 31/59 9.3s/it 4:49<4:19
[K       3/50         0G      2.512       2.52     0.8492          9       1280: 54% ━━━━━━╸───── 32/59 9.2s/it 4:58<4:10
[K       3/50         0G      2.513      2.486     0.8439         14       1280: 55% ━━━━━━╸───── 33/59 9.2s/it 5:07<3:60
[K       3/50         0G      2.513      2.464     0.8468         15       1280: 57% ━━━━━━╸───── 34/59 9.2s/it 5:16<3:49
[K       3/50         0G      2.513       2.45     0.8456         12       1280: 59% ━━━━━━━───── 35/59 9.1s/it 5:25<3:39
[K       3/50         0G      2.524      2.438     0.8419         18       1280: 61% ━━━━━━━───── 36/59 8.9s/it 5:34<3:26
[K       3/50         0G      2.517       2.42     0.8423          9       1280: 62% ━━━━━━━╸──── 37/59 8.9s/it 5:43<3:17
[K       3/50         0G      2.511        2.4     0.8383         13       1280: 64% ━━━━━━━╸──── 38/59 8.9s/it 5:51<3:07
[K       3/50         0G      2.514      2.387     0.8402         14       1280: 66% ━━━━━━━╸──── 39/59 9.0s/it 6:01<3:01
[K       3/50         0G      2.507      2.359     0.8398         17       1280: 67% ━━━━━━━━──── 40/59 9.0s/it 6:10<2:51
[K       3/50         0G      2.508       2.34     0.8388         12       1280: 69% ━━━━━━━━──── 41/59 9.0s/it 6:19<2:43
[K       3/50         0G        2.5      2.318      0.836         11       1280: 71% ━━━━━━━━╸─── 42/59 8.9s/it 6:27<2:31
[K       3/50         0G      2.511      2.309     0.8365         14       1280: 72% ━━━━━━━━╸─── 43/59 8.8s/it 6:36<2:21
[K       3/50         0G      2.521      2.303     0.8335         16       1280: 74% ━━━━━━━━╸─── 44/59 8.8s/it 6:45<2:12
[K       3/50         0G      2.524      2.291     0.8337         13       1280: 76% ━━━━━━━━━─── 45/59 8.9s/it 6:54<2:05
[K       3/50         0G      2.526      2.271     0.8353         11       1280: 77% ━━━━━━━━━─── 46/59 8.8s/it 7:03<1:55
[K       3/50         0G      2.527      2.257     0.8341         17       1280: 79% ━━━━━━━━━╸── 47/59 9.1s/it 7:12<1:49
[K       3/50         0G      2.518      2.262     0.8368         10       1280: 81% ━━━━━━━━━╸── 48/59 9.1s/it 7:22<1:40
[K       3/50         0G      2.519      2.251     0.8404          8       1280: 83% ━━━━━━━━━╸── 49/59 9.3s/it 7:31<1:33
[K       3/50         0G      2.526      2.253     0.8425         14       1280: 84% ━━━━━━━━━━── 50/59 9.1s/it 7:40<1:22
[K       3/50         0G       2.52      2.241     0.8429          8       1280: 86% ━━━━━━━━━━── 51/59 9.1s/it 7:49<1:13
[K       3/50         0G      2.527      2.236     0.8419         17       1280: 88% ━━━━━━━━━━╸─ 52/59 9.0s/it 7:58<1:03
[K       3/50         0G      2.527      2.241     0.8423         13       1280: 89% ━━━━━━━━━━╸─ 53/59 8.9s/it 8:07<53.6s
[K       3/50         0G      2.526      2.239     0.8443         10       1280: 91% ━━━━━━━━━━╸─ 54/59 9.1s/it 8:16<45.4s
[K       3/50         0G      2.528      2.229     0.8454         15       1280: 93% ━━━━━━━━━━━─ 55/59 9.2s/it 8:26<36.9s
[K       3/50         0G      2.535      2.227     0.8441         15       1280: 94% ━━━━━━━━━━━─ 56/59 9.3s/it 8:35<28.0s
[K       3/50         0G      2.529      2.215     0.8434         13       1280: 96% ━━━━━━━━━━━╸ 57/59 9.4s/it 8:45<18.8s
[K       3/50         0G      2.537      2.209     0.8403         13       1280: 98% ━━━━━━━━━━━╸ 58/59 9.2s/it 8:54<9.2s
[K       3/50         0G      2.537      2.209     0.8403         13       1280: 100% ━━━━━━━━━━━━ 59/59 9.0s/it 8:54

[K                 Class     Images  Instances      Box(P          R      mAP50  mAP50-95): 11% ━─────────── 1/9 20.9s/it 6.3s<2:47
[K                 Class     Images  Instances      Box(P          R      mAP50  mAP50-95): 22% ━━╸───────── 2/9 12.2s/it 12.5s<1:25
[K                 Class     Images  Instances      Box(P          R      mAP50  mAP50-95): 33% ━━━━──────── 3/9 9.5s/it 18.7s<56.7s
[K                 Class     Images  Instances      Box(P          R      mAP50  mAP50-95): 44% ━━━━━─────── 4/9 8.2s/it 24.9s<41.0s
[K                 Class     Images  Instances      Box(P          R      mAP50  mAP50-95): 55% ━━━━━━╸───── 5/9 7.5s/it 31.1s<29.9s
[K                 Class     Images  Instances      Box(P          R      mAP50  mAP50-95): 66% ━━━━━━━━──── 6/9 7.0s/it 37.3s<21.1s
[K                 Class     Images  Instances      Box(P          R      mAP50  mAP50-95): 77% ━━━━━━━━━─── 7/9 6.8s/it 43.6s<13.6s
[K                 Class     Images  Instances      Box(P          R      mAP50  mAP50-95): 88% ━━━━━━━━━━╸─ 8/9 6.6s/it 49.8s<6.6s
[K                 Class     Images  Instances      Box(P          R      mAP50  mAP50-95): 100% ━━━━━━━━━━━━ 9/9 5.7s/it 51.5s
                   all        139        109      0.386      0.385      0.297     0.0875

      Epoch    GPU_mem   box_loss   cls_loss   dfl_loss  Instances       Size

[K       4/50         0G       2.75      1.687     0.7235         17       1280: 0% ──────────── 0/59  9.9s
[K       4/50         0G      2.468      1.654     0.8101         10       1280: 1% ──────────── 1/59 35.4s/it 20.5s<34:10
[K       4/50         0G       2.46      1.698      0.783         12       1280: 3% ──────────── 2/59 19.0s/it 29.6s<18:02
[K       4/50         0G      2.567      1.764     0.7929         10       1280: 5% ╸─────────── 3/59 14.7s/it 39.2s<13:41
[K       4/50         0G      2.624      1.777     0.7791         15       1280: 6% ╸─────────── 4/59 12.5s/it 48.4s<11:26
[K       4/50         0G       2.57      1.823     0.7866         12       1280: 8% ━─────────── 5/59 11.2s/it 57.5s<10:04
[K       4/50         0G      2.557      1.844     0.7797          9       1280: 10% ━─────────── 6/59 10.4s/it 1:06<9:11
[K       4/50         0G      2.565      1.935     0.7908         12       1280: 11% ━─────────── 7/59 10.0s/it 1:15<8:38
[K       4/50         0G      2.587      2.024     0.7943         13       1280: 13% ━╸────────── 8/59 9.8s/it 1:25<8:21
[K       4/50         0G      2.624      2.081     0.7931         12       1280: 15% ━╸────────── 9/59 9.5s/it 1:34<7:55
[K       4/50         0G      2.674      2.093      0.795         13       1280: 16% ━━────────── 10/59 9.4s/it 1:43<7:43
[K       4/50         0G      2.663      2.089     0.7985          9       1280: 18% ━━────────── 11/59 9.4s/it 1:52<7:31
[K       4/50         0G      2.685      2.151     0.7946         16       1280: 20% ━━────────── 12/59 9.3s/it 2:01<7:15
[K       4/50         0G      2.683      2.188     0.7999         21       1280: 22% ━━╸───────── 13/59 9.4s/it 2:11<7:14
[K       4/50         0G      2.708      2.281     0.8039         14       1280: 23% ━━╸───────── 14/59 9.2s/it 2:20<6:55
[K       4/50         0G      2.647      2.281     0.8004          7       1280: 25% ━━━───────── 15/59 9.5s/it 2:30<6:57
[K       4/50         0G      2.659      2.278     0.8034         14       1280: 27% ━━━───────── 16/59 9.3s/it 2:39<6:41
[K       4/50         0G      2.665      2.289      0.803         11       1280: 28% ━━━───────── 17/59 9.2s/it 2:48<6:25
[K       4/50         0G      2.665      2.318     0.8053         16       1280: 30% ━━━╸──────── 18/59 9.1s/it 2:57<6:13
[K       4/50         0G      2.686      2.342     0.8131         13       1280: 32% ━━━╸──────── 19/59 9.2s/it 3:06<6:08
[K       4/50         0G      2.672      2.322     0.8111         11       1280: 33% ━━━━──────── 20/59 9.3s/it 3:16<6:02
[K       4/50         0G      2.685       2.31     0.8099         11       1280: 35% ━━━━──────── 21/59 9.4s/it 3:25<5:57
[K       4/50         0G      2.663       2.31     0.8073          9       1280: 37% ━━━━──────── 22/59 9.4s/it 3:35<5:47
[K       4/50         0G      2.662      2.311     0.8065         14       1280: 38% ━━━━╸─────── 23/59 9.3s/it 3:44<5:35
[K       4/50         0G      2.655      2.313     0.8178         17       1280: 40% ━━━━╸─────── 24/59 9.3s/it 3:53<5:27
[K       4/50         0G      2.646      2.316     0.8244         11       1280: 42% ━━━━━─────── 25/59 9.2s/it 4:02<5:14
[K       4/50         0G      2.634      2.319     0.8264          9       1280: 44% ━━━━━─────── 26/59 9.3s/it 4:12<5:07
[K       4/50         0G      2.638      2.332     0.8283         15       1280: 45% ━━━━━─────── 27/59 9.4s/it 4:21<5:01
[K       4/50         0G      2.624      2.346     0.8266         12       1280: 47% ━━━━━╸────── 28/59 9.4s/it 4:31<4:51
[K       4/50         0G      2.601      2.329     0.8207         11       1280: 49% ━━━━━╸────── 29/59 9.4s/it 4:40<4:43
[K       4/50         0G      2.587      2.315      0.819         16       1280: 50% ━━━━━━────── 30/59 9.3s/it 4:49<4:29
[K       4/50         0G      2.566       2.31     0.8165         13       1280: 52% ━━━━━━────── 31/59 9.4s/it 4:59<4:24
[K       4/50         0G      2.559      2.335     0.8206          6       1280: 54% ━━━━━━╸───── 32/59 9.5s/it 5:09<4:16
[K       4/50         0G      2.559      2.329     0.8185         11       1280: 55% ━━━━━━╸───── 33/59 9.7s/it 5:19<4:12
[K       4/50         0G      2.557      2.355     0.8205          8       1280: 57% ━━━━━━╸───── 34/59 9.6s/it 5:28<3:59
[K       4/50         0G      2.561      2.353     0.8202         13       1280: 59% ━━━━━━━───── 35/59 9.6s/it 5:38<3:50
[K       4/50         0G      2.555      2.333     0.8209          9       1280: 61% ━━━━━━━───── 36/59 9.6s/it 5:48<3:41
[K       4/50         0G       2.54      2.319     0.8222          7       1280: 62% ━━━━━━━╸──── 37/59 9.7s/it 5:57<3:32
[K       4/50         0G      2.542      2.323     0.8198          5       1280: 64% ━━━━━━━╸──── 38/59 9.7s/it 6:07<3:23
[K       4/50         0G      2.556       2.32     0.8191         18       1280: 66% ━━━━━━━╸──── 39/59 9.1s/it 6:15<3:03
[K       4/50         0G      2.556       2.31     0.8203         11       1280: 67% ━━━━━━━━──── 40/59 9.1s/it 6:24<2:54
[K       4/50         0G      2.546      2.288     0.8189          8       1280: 69% ━━━━━━━━──── 41/59 9.2s/it 6:34<2:46
[K       4/50         0G      2.543      2.281     0.8205          8       1280: 71% ━━━━━━━━╸─── 42/59 9.2s/it 6:43<2:36
[K       4/50         0G      2.541      2.272     0.8207         14       1280: 72% ━━━━━━━━╸─── 43/59 9.2s/it 6:52<2:27
[K       4/50         0G      2.534      2.255     0.8205         10       1280: 74% ━━━━━━━━╸─── 44/59 9.2s/it 7:01<2:18
[K       4/50         0G      2.535      2.257     0.8235         15       1280: 76% ━━━━━━━━━─── 45/59 9.2s/it 7:10<2:08
[K       4/50         0G      2.537       2.25     0.8249         12       1280: 77% ━━━━━━━━━─── 46/59 9.2s/it 7:19<1:59
[K       4/50         0G      2.537      2.241     0.8244         11       1280: 79% ━━━━━━━━━╸── 47/59 9.5s/it 7:30<1:54
[K       4/50         0G      2.536      2.234     0.8234         15       1280: 81% ━━━━━━━━━╸── 48/59 9.3s/it 7:39<1:43
[K       4/50         0G      2.531      2.232     0.8235         13       1280: 83% ━━━━━━━━━╸── 49/59 9.3s/it 7:48<1:33
[K       4/50         0G      2.521       2.22     0.8235          9       1280: 84% ━━━━━━━━━━── 50/59 9.2s/it 7:57<1:22
[K       4/50         0G      2.512      2.222     0.8228          9       1280: 86% ━━━━━━━━━━── 51/59 9.4s/it 8:07<1:15
[K       4/50         0G      2.506       2.21      0.823         14       1280: 88% ━━━━━━━━━━╸─ 52/59 9.3s/it 8:16<1:05
[K       4/50         0G      2.503      2.202     0.8218         12       1280: 89% ━━━━━━━━━━╸─ 53/59 9.3s/it 8:25<55.6s
[K       4/50         0G      2.498      2.221     0.8208         13       1280: 91% ━━━━━━━━━━╸─ 54/59 9.3s/it 8:35<46.7s
[K       4/50         0G      2.488      2.213     0.8188         11       1280: 93% ━━━━━━━━━━━─ 55/59 9.1s/it 8:43<36.5s
[K       4/50         0G      2.484        2.2      0.819          9       1280: 94% ━━━━━━━━━━━─ 56/59 9.0s/it 8:52<27.1s
[K       4/50         0G      2.476      2.192     0.8212          7       1280: 96% ━━━━━━━━━━━╸ 57/59 8.8s/it 9:00<17.6s
[K       4/50         0G      2.468      2.184     0.8235          6       1280: 98% ━━━━━━━━━━━╸ 58/59 8.6s/it 9:09<8.6s
[K       4/50         0G      2.468      2.184     0.8235          6       1280: 100% ━━━━━━━━━━━━ 59/59 9.3s/it 9:09

[K                 Class     Images  Instances      Box(P          R      mAP50  mAP50-95): 11% ━─────────── 1/9 20.8s/it 6.2s<2:46
[K                 Class     Images  Instances      Box(P          R      mAP50  mAP50-95): 22% ━━╸───────── 2/9 12.2s/it 12.4s<1:25
[K                 Class     Images  Instances      Box(P          R      mAP50  mAP50-95): 33% ━━━━──────── 3/9 9.5s/it 18.6s<56.7s
[K                 Class     Images  Instances      Box(P          R      mAP50  mAP50-95): 44% ━━━━━─────── 4/9 8.2s/it 24.9s<40.9s
[K                 Class     Images  Instances      Box(P          R      mAP50  mAP50-95): 55% ━━━━━━╸───── 5/9 7.5s/it 31.1s<29.9s
[K                 Class     Images  Instances      Box(P          R      mAP50  mAP50-95): 66% ━━━━━━━━──── 6/9 7.0s/it 37.3s<21.1s
[K                 Class     Images  Instances      Box(P          R      mAP50  mAP50-95): 77% ━━━━━━━━━─── 7/9 6.8s/it 43.5s<13.5s
[K                 Class     Images  Instances      Box(P          R      mAP50  mAP50-95): 88% ━━━━━━━━━━╸─ 8/9 6.6s/it 49.7s<6.6s
[K                 Class     Images  Instances      Box(P          R      mAP50  mAP50-95): 100% ━━━━━━━━━━━━ 9/9 5.7s/it 51.4s
                   all        139        109      0.711      0.514      0.568      0.214

      Epoch    GPU_mem   box_loss   cls_loss   dfl_loss  Instances       Size

[K       5/50         0G      2.388      2.813     0.8753          9       1280: 0% ──────────── 0/59  10.0s
[K       5/50         0G      2.269      2.288     0.8381         15       1280: 1% ──────────── 1/59 31.3s/it 19.4s<30:17
[K       5/50         0G      2.179      2.168     0.8755          8       1280: 3% ──────────── 2/59 19.1s/it 29.4s<18:09
[K       5/50         0G      2.179      1.991     0.8601          9       1280: 5% ╸─────────── 3/59 14.2s/it 38.2s<13:14
[K       5/50         0G      2.198      1.945     0.8616         11       1280: 6% ╸─────────── 4/59 12.2s/it 47.4s<11:11
[K       5/50         0G      2.212      1.841     0.8343         11       1280: 8% ━─────────── 5/59 10.9s/it 56.1s<9:48
[K       5/50         0G      2.269      1.899     0.8416         14       1280: 10% ━─────────── 6/59 10.2s/it 1:05<9:00
[K       5/50         0G      2.282       1.93     0.8457         10       1280: 11% ━─────────── 7/59 9.8s/it 1:14<8:31
[K       5/50         0G       2.27      1.925     0.8406          8       1280: 13% ━╸────────── 8/59 9.6s/it 1:23<8:08
[K       5/50         0G       2.27      1.885     0.8389         11       1280: 15% ━╸────────── 9/59 9.6s/it 1:33<8:02
[K       5/50         0G      2.278      1.855     0.8371          8       1280: 16% ━━────────── 10/59 9.6s/it 1:42<7:50
[K       5/50         0G      2.234      1.843     0.8333          9       1280: 18% ━━────────── 11/59 9.6s/it 1:52<7:40
[K       5/50         0G      2.225      1.795     0.8287         11       1280: 20% ━━────────── 12/59 9.5s/it 2:01<7:27
[K       5/50         0G      2.238      1.825      0.828         15       1280: 22% ━━╸───────── 13/59 9.4s/it 2:10<7:13
[K       5/50         0G      2.269      1.841     0.8202         16       1280: 23% ━━╸───────── 14/59 9.3s/it 2:20<6:59                                                                                                                                                                                                                                                                                                                                                                                                                                                                                                                                                                                                                                                                                                                                                                                                                                                                                                                                                                                                                                                                                                                                                                                                                                                                                                                                                                                                                                                                                                                                                                                                                                                                                                                                                                                                                                                                                                                                                                                                                                                                                                                                                                                                                                                                                                                                                                                                                                                                                                                                                                                                                                                                                                                                                                                                                                                                                                                                                                                                                                                                                                                                                                                                                                                                                                                                                                                                                                                                                                                                                                                                                                                                                                                                                                                                                                                                                                                                                                                                                                                                                                                                                                                                                                                                                                                                                                                                                                                                                                                                                                                                                                                                                                                                                                                                                                                                                                                                                                                                                                                                                                                                                                                                                                                                                                                                                                                                                                                                                                                                                                                                                                                                                                                                                                                                                                                                                                                                                                                                                                                                                                                                                                                                                                                                                                                                                                                                                                                                                                                                                                                                                                                                                                                                                                                                                                                                                                                                                                                                                                                                                                                                                                                                                                                                                                                                                                                                                                                                                                                                                                                                                                                                                                                                                                                                                                                                                                                                                                                                                                                                                                                                                                                                                                                                                                                                                                                                                                                                                                                                                                                                                                                                                                                                                                                                                                                                                                                                                                                                                                                                                                                                                                                                                                                                                                                                                                                                                                                                                                                                                                                                                                                                                                                                                                                                                                                                                                                                                                                                                                                                                                                                                                                                                                                                                                                                                                                                                                                                                                                                                                                                                                                                                                                                                                                                                                                                                                                                                                                                                                                                                                                                                                                                                                                                                                                                                                                                                                                                                                                                                                                                                                                                                                                                                                                                                                                                                                                                                                                                                                                                                                                                                                                                                                                                                                                                                                                                                                                                                                                                                                                                                                                                                                                                                                                                                                                                                                                                                                                                                                                                                                                                                                                                                                                                                                                                                                                                                                                                                                                                                                                                                                                                                                                                                                                                                                                                                                                                                                                                                                                                                                                                           [K       6/50         0G      2.326       1.62     0.8155         10       1280: 66% ━━━━━━━╸──── 39/59 7.1s/it 6:05<2:22[K       6/50         0G      2.325      1.626     0.8167         10       1280: 67% ━━━━━━━━──── 40/59 7.0s/it 6:12<2:14[K       6/50         0G      2.332       1.64     0.8213          9       1280: 69% ━━━━━━━━──── 41/59 7.1s/it 6:20<2:08[K       6/50         0G      2.325      1.633     0.8206         12       1280: 71% ━━━━━━━━╸─── 42/59 7.4s/it 6:28<2:05[K       6/50         0G      2.318      1.631     0.8212          9       1280: 72% ━━━━━━━━╸─── 43/59 7.8s/it 6:37<2:05[K       6/50         0G      2.316      1.634     0.8229          8       1280: 74% ━━━━━━━━╸─── 44/59 7.5s/it 6:43<1:52[K       6/50         0G      2.321      1.639     0.8237         14       1280: 76% ━━━━━━━━━─── 45/59 7.3s/it 6:50<1:42[K       6/50         0G      2.338      1.653     0.8217         10       1280: 77% ━━━━━━━━━─── 46/59 7.2s/it 6:57<1:33[K       6/50         0G      2.335      1.644     0.8216         14       1280: 79% ━━━━━━━━━╸── 47/59 7.2s/it 7:05<1:26[K       6/50         0G      2.336      1.645     0.8209         12       1280: 81% ━━━━━━━━━╸── 48/59 7.0s/it 7:11<1:17[K       6/50         0G      2.328      1.638     0.8179          7       1280: 83% ━━━━━━━━━╸── 49/59 7.1s/it 7:18<1:11[K       6/50         0G      2.316      1.629     0.8188          9       1280: 84% ━━━━━━━━━━── 50/59 7.0s/it 7:25<1:03[K       6/50         0G       2.33      1.636     0.8185         11       1280: 86% ━━━━━━━━━━── 51/59 6.9s/it 7:32<55.5s[K       6/50         0G      2.328      1.638      0.817          9       1280: 88% ━━━━━━━━━━╸─ 52/59 6.9s/it 7:39<48.4s[K       6/50         0G      2.331      1.631     0.8208         11       1280: 89% ━━━━━━━━━━╸─ 53/59 7.3s/it 7:48<44.1s[K       6/50         0G      2.322      1.626     0.8197         14       1280: 91% ━━━━━━━━━━╸─ 54/59 7.4s/it 7:55<37.0s[K       6/50         0G      2.321      1.622     0.8214         10       1280: 93% ━━━━━━━━━━━─ 55/59 7.3s/it 8:02<29.3s[K       6/50         0G      2.327      1.617     0.8227         10       1280: 94% ━━━━━━━━━━━─ 56/59 7.3s/it 8:10<22.0s[K       6/50         0G      2.327      1.615     0.8243          9       1280: 96% ━━━━━━━━━━━╸ 57/59 7.7s/it 8:18<15.3s[K       6/50         0G      2.332      1.624     0.8254         14       1280: 98% ━━━━━━━━━━━╸ 58/59 7.7s/it 8:26<7.7s[K       6/50         0G      2.332      1.624     0.8254         14       1280: 100% ━━━━━━━━━━━━ 59/59 8.6s/it 8:26
[K                 Class     Images  Instances      Box(P          R      mAP50  mAP50-95): 11% ━─────────── 1/9 21.6s/it 6.5s<2:52[K                 Class     Images  Instances      Box(P          R      mAP50  mAP50-95): 22% ━━╸───────── 2/9 12.3s/it 12.6s<1:26[K                 Class     Images  Instances      Box(P          R      mAP50  mAP50-95): 33% ━━━━──────── 3/9 9.5s/it 18.9s<57.1s[K                 Class     Images  Instances      Box(P          R      mAP50  mAP50-95): 44% ━━━━━─────── 4/9 8.2s/it 25.1s<41.2s[K                 Class     Images  Instances      Box(P          R      mAP50  mAP50-95): 55% ━━━━━━╸───── 5/9 7.5s/it 31.3s<30.0s[K                 Class     Images  Instances      Box(P          R      mAP50  mAP50-95): 66% ━━━━━━━━──── 6/9 7.1s/it 37.5s<21.2s[K                 Class     Images  Instances      Box(P          R      mAP50  mAP50-95): 77% ━━━━━━━━━─── 7/9 6.8s/it 43.7s<13.6s[K                 Class     Images  Instances      Box(P          R      mAP50  mAP50-95): 88% ━━━━━━━━━━╸─ 8/9 6.6s/it 49.9s<6.6s[K                 Class     Images  Instances      Box(P          R      mAP50  mAP50-95): 100% ━━━━━━━━━━━━ 9/9 5.7s/it 51.7s
                   all        139        109      0.726      0.606       0.64      0.257

      Epoch    GPU_mem   box_loss   cls_loss   dfl_loss  Instances       Size
[K       7/50         0G      1.979      1.505     0.8976          9       1280: 0% ──────────── 0/59  9.3s[K       7/50         0G      2.381      1.489     0.8442         10       1280: 1% ──────────── 1/59 28.3s/it 17.8s<27:23[K       7/50         0G      2.408      1.389     0.8094         12       1280: 3% ──────────── 2/59 16.6s/it 26.3s<15:48[K       7/50         0G       2.37      1.556     0.8448         10       1280: 5% ╸─────────── 3/59 13.0s/it 34.9s<12:08[K       7/50         0G      2.319      1.455     0.8407          8       1280: 6% ╸─────────── 4/59 10.8s/it 42.6s<9:53[K       7/50         0G      2.244      1.497     0.8507          9       1280: 8% ━─────────── 5/59 9.7s/it 50.5s<8:45[K       7/50         0G      2.147      1.433     0.8482          9       1280: 10% ━─────────── 6/59 9.1s/it 58.4s<8:02[K       7/50         0G      2.132      1.385     0.8461         14       1280: 11% ━─────────── 7/59 8.9s/it 1:07<7:44[K       7/50         0G      2.192      1.361     0.8479         10       1280: 13% ━╸────────── 8/59 8.6s/it 1:15<7:19[K       7/50         0G      2.199      1.417     0.8393          7       1280: 15% ━╸────────── 9/59 8.3s/it 1:23<6:57[K       7/50         0G      2.163      1.418     0.8399          9       1280: 16% ━━────────── 10/59 8.2s/it 1:31<6:43[K       7/50         0G      2.145      1.412     0.8422         12       1280: 18% ━━────────── 11/59 8.1s/it 1:38<6:29[K       7/50         0G      2.155      1.399     0.8431         13       1280: 20% ━━────────── 12/59 8.0s/it 1:46<6:15[K       7/50         0G      2.218      1.394     0.8454         16       1280: 22% ━━╸───────── 13/59 7.9s/it 1:54<6:03[K       7/50         0G      2.198       1.42     0.8464          8       1280: 23% ━━╸───────── 14/59 7.9s/it 2:02<5:54[K       7/50         0G      2.217      1.415     0.8414         13       1280: 25% ━━━───────── 15/59 7.9s/it 2:10<5:48[K       7/50         0G      2.212      1.421     0.8391          7       1280: 27% ━━━───────── 16/59 7.9s/it 2:17<5:38[K       7/50         0G      2.211      1.413      0.839          7       1280: 28% ━━━───────── 17/59 7.9s/it 2:25<5:30[K       7/50         0G      2.216      1.457     0.8415          9       1280: 30% ━━━╸──────── 18/59 7.8s/it 2:33<5:21[K       7/50         0G       2.23        1.5     0.8434         15       1280: 32% ━━━╸──────── 19/59 7.8s/it 2:41<5:11[K       7/50         0G      2.248      1.497     0.8473         11       1280: 33% ━━━━──────── 20/59 7.8s/it 2:49<5:04[K       7/50         0G      2.265       1.51     0.8458         21       1280: 35% ━━━━──────── 21/59 7.8s/it 2:57<4:58[K       7/50         0G      2.281      1.513     0.8409         14       1280: 37% ━━━━──────── 22/59 7.9s/it 3:05<4:54[K       7/50         0G      2.274      1.509     0.8369         13       1280: 38% ━━━━╸─────── 23/59 8.1s/it 3:13<4:51[K       7/50         0G       2.27      1.501     0.8365         17       1280: 40% ━━━━╸─────── 24/59 8.0s/it 3:21<4:40[K       7/50         0G      2.308      1.528     0.8421          8       1280: 42% ━━━━━─────── 25/59 7.9s/it 3:29<4:30[K       7/50         0G      2.295       1.52     0.8406         12       1280: 44% ━━━━━─────── 26/59 7.9s/it 3:37<4:21[K       7/50         0G      2.271      1.502     0.8381          8       1280: 45% ━━━━━─────── 27/59 7.8s/it 3:44<4:11[K       7/50         0G      2.282      1.493      0.837          8       1280: 47% ━━━━━╸────── 28/59 7.9s/it 3:52<4:05[K       7/50         0G      2.288      1.496     0.8393          9       1280: 49% ━━━━━╸────── 29/59 8.0s/it 4:01<4:00[K       7/50         0G      2.279      1.495     0.8398          9       1280: 50% ━━━━━━────── 30/59 8.1s/it 4:09<3:55[K       7/50         0G      2.269      1.504     0.8395          8       1280: 52% ━━━━━━────── 31/59 8.0s/it 4:17<3:44[K       7/50         0G      2.274       1.51     0.8395         16       1280: 54% ━━━━━━╸───── 32/59 7.9s/it 4:25<3:35[K       7/50         0G      2.298      1.521     0.8466         14       1280: 55% ━━━━━━╸───── 33/59 8.0s/it 4:33<3:28[K       7/50         0G        2.3      1.543     0.8445         11       1280: 57% ━━━━━━╸───── 34/59 8.0s/it 4:41<3:20[K       7/50         0G       2.31      1.543     0.8423          6       1280: 59% ━━━━━━━───── 35/59 8.0s/it 4:49<3:12[K       7/50         0G      2.312       1.54     0.8397          9       1280: 61% ━━━━━━━───── 36/59 7.9s/it 4:56<3:03[K       7/50         0G      2.304      1.534     0.8395         10       1280: 62% ━━━━━━━╸──── 37/59 8.2s/it 5:05<2:60[K       7/50         0G      2.302      1.541     0.8423          9       1280: 64% ━━━━━━━╸──── 38/59 8.1s/it 5:13<2:49[K       7/50         0G        2.3      1.536     0.8439          9       1280: 66% ━━━━━━━╸──── 39/59 8.0s/it 5:21<2:40[K       7/50         0G      2.299      1.547     0.8427         12       1280: 67% ━━━━━━━━──── 40/59 8.0s/it 5:29<2:31[K       7/50         0G        2.3      1.554     0.8449         11       1280: 69% ━━━━━━━━──── 41/59 8.0s/it 5:37<2:23[K       7/50         0G      2.301       1.54     0.8444          5       1280: 71% ━━━━━━━━╸─── 42/59 7.9s/it 5:44<2:14[K       7/50         0G      2.297      1.537     0.8416         16       1280: 72% ━━━━━━━━╸─── 43/59 7.8s/it 5:52<2:05[K       7/50         0G      2.295       1.54     0.8412         10       1280: 74% ━━━━━━━━╸─── 44/59 7.8s/it 6:00<1:58[K       7/50         0G      2.282      1.538     0.8406          9       1280: 76% ━━━━━━━━━─── 45/59 8.0s/it 6:09<1:53[K       7/50         0G      2.281      1.539     0.8413         11       1280: 77% ━━━━━━━━━─── 46/59 8.0s/it 6:16<1:44[K       7/50         0G      2.285      1.561     0.8398         12       1280: 79% ━━━━━━━━━╸── 47/59 8.0s/it 6:24<1:36[K       7/50         0G      2.275      1.553     0.8393         10       1280: 81% ━━━━━━━━━╸── 48/59 7.9s/it 6:32<1:27[K       7/50         0G      2.268      1.549     0.8384         11       1280: 83% ━━━━━━━━━╸── 49/59 7.8s/it 6:40<1:18[K       7/50         0G      2.263      1.551     0.8366          9       1280: 84% ━━━━━━━━━━── 50/59 7.9s/it 6:48<1:11[K       7/50         0G      2.255       1.54     0.8337         13       1280: 86% ━━━━━━━━━━── 51/59 7.9s/it 6:56<1:03[K       7/50         0G      2.259      1.535     0.8311         11       1280: 88% ━━━━━━━━━━╸─ 52/59 8.0s/it 7:04<55.7s[K       7/50         0G      2.265       1.53     0.8292         16       1280: 89% ━━━━━━━━━━╸─ 53/59 8.1s/it 7:12<48.4s[K       7/50         0G      2.265      1.529     0.8275         14       1280: 91% ━━━━━━━━━━╸─ 54/59 8.0s/it 7:20<40.0s[K       7/50         0G      2.263      1.522     0.8272         11       1280: 93% ━━━━━━━━━━━─ 55/59 7.9s/it 7:28<31.8s[K       7/50         0G      2.256      1.515     0.8264         12       1280: 94% ━━━━━━━━━━━─ 56/59 7.9s/it 7:36<23.6s[K       7/50         0G      2.249      1.508     0.8251         14       1280: 96% ━━━━━━━━━━━╸ 57/59 7.9s/it 7:44<15.9s[K       7/50         0G      2.249      1.507      0.824         10       1280: 98% ━━━━━━━━━━━╸ 58/59 7.9s/it 7:51<7.9s[K       7/50         0G      2.249      1.507      0.824         10       1280: 100% ━━━━━━━━━━━━ 59/59 8.0s/it 7:51
[K                 Class     Images  Instances      Box(P          R      mAP50  mAP50-95): 11% ━─────────── 1/9 20.8s/it 6.2s<2:47[K                 Class     Images  Instances      Box(P          R      mAP50  mAP50-95): 22% ━━╸───────── 2/9 12.2s/it 12.4s<1:25[K                 Class     Images  Instances      Box(P          R      mAP50  mAP50-95): 33% ━━━━──────── 3/9 9.4s/it 18.6s<56.5s[K                 Class     Images  Instances      Box(P          R      mAP50  mAP50-95): 44% ━━━━━─────── 4/9 8.2s/it 24.8s<40.8s[K                 Class     Images  Instances      Box(P          R      mAP50  mAP50-95): 55% ━━━━━━╸───── 5/9 7.5s/it 31.0s<29.8s[K                 Class     Images  Instances      Box(P          R      mAP50  mAP50-95): 66% ━━━━━━━━──── 6/9 7.0s/it 37.2s<21.1s[K                 Class     Images  Instances      Box(P          R      mAP50  mAP50-95): 77% ━━━━━━━━━─── 7/9 6.8s/it 43.4s<13.5s[K                 Class     Images  Instances      Box(P          R      mAP50  mAP50-95): 88% ━━━━━━━━━━╸─ 8/9 6.6s/it 49.6s<6.6s[K                 Class     Images  Instances      Box(P          R      mAP50  mAP50-95): 100% ━━━━━━━━━━━━ 9/9 5.7s/it 51.4s
                   all        139        109       0.79      0.541      0.585      0.202

      Epoch    GPU_mem   box_loss   cls_loss   dfl_loss  Instances       Size
[K       8/50         0G       2.42      1.275     0.7357         18       1280: 0% ──────────── 0/59  8.9s[K       8/50         0G       2.84       1.44     0.7498          9       1280: 1% ──────────── 1/59 27.0s/it 17.1s<26:07[K       8/50         0G      2.656      1.316     0.7833         15       1280: 3% ──────────── 2/59 15.9s/it 25.1s<15:04[K       8/50         0G      2.423      1.293     0.7959          9       1280: 5% ╸─────────── 3/59 12.1s/it 33.0s<11:19[K       8/50         0G       2.39      1.234     0.7954         12       1280: 6% ╸─────────── 4/59 10.4s/it 40.8s<9:33[K       8/50         0G      2.359      1.331     0.7756          7       1280: 8% ━─────────── 5/59 9.6s/it 48.9s<8:38[K       8/50         0G      2.339      1.324     0.7866          8       1280: 10% ━─────────── 6/59 9.0s/it 56.7s<7:55[K       8/50         0G      2.348      1.304     0.7855         12       1280: 11% ━─────────── 7/59 8.7s/it 1:05<7:33[K       8/50         0G      2.352      1.345     0.7877         13       1280: 13% ━╸────────── 8/59 8.4s/it 1:12<7:06[K       8/50         0G      2.378       1.36      0.793         17       1280: 15% ━╸────────── 9/59 8.3s/it 1:21<6:57[K       8/50         0G      2.401      1.358      0.786         17       1280: 16% ━━────────── 10/59 8.1s/it 1:28<6:38[K       8/50         0G      2.375      1.352     0.7825         11       1280: 18% ━━────────── 11/59 8.0s/it 1:36<6:26[K       8/50         0G      2.405      1.411     0.7928         10       1280: 20% ━━────────── 12/59 8.1s/it 1:44<6:20[K       8/50         0G      2.417      1.415     0.7898         12       1280: 22% ━━╸───────── 13/59 8.1s/it 1:52<6:10[K       8/50         0G      2.433      1.467     0.7896         15       1280: 23% ━━╸───────── 14/59 7.9s/it 2:00<5:56[K       8/50         0G      2.449      1.486     0.7858         12       1280: 25% ━━━───────── 15/59 7.9s/it 2:08<5:47[K       8/50         0G      2.422      1.455       0.79         10       1280: 27% ━━━───────── 16/59 7.9s/it 2:16<5:40[K       8/50         0G      2.441       1.47     0.7887         12       1280: 28% ━━━───────── 17/59 8.0s/it 2:24<5:37[K       8/50         0G      2.439       1.46      0.786         11       1280: 30% ━━━╸──────── 18/59 8.0s/it 2:32<5:26[K       8/50         0G      2.432      1.469       0.78         12       1280: 32% ━━━╸──────── 19/59 7.9s/it 2:40<5:18[K       8/50         0G      2.415      1.452     0.7809         11       1280: 33% ━━━━──────── 20/59 7.9s/it 2:48<5:08[K       8/50         0G      2.406      1.448     0.7792         10       1280: 35% ━━━━──────── 21/59 7.9s/it 2:56<5:02[K       8/50         0G      2.402      1.438     0.7797         12       1280: 37% ━━━━──────── 22/59 7.9s/it 3:03<4:50[K       8/50         0G      2.407      1.428     0.7806         13       1280: 38% ━━━━╸─────── 23/59 8.0s/it 3:12<4:48[K       8/50         0G      2.416      1.446     0.7822         10       1280: 40% ━━━━╸─────── 24/59 7.9s/it 3:19<4:36[K       8/50         0G      2.419      1.459     0.7804         13       1280: 42% ━━━━━─────── 25/59 8.0s/it 3:28<4:33[K       8/50         0G       2.45      1.453      0.781         17       1280: 44% ━━━━━─────── 26/59 7.9s/it 3:35<4:21[K       8/50         0G      2.459      1.461     0.7793         15       1280: 45% ━━━━━─────── 27/59 7.8s/it 3:43<4:11[K       8/50         0G      2.479      1.471     0.7848         14       1280: 47% ━━━━━╸────── 28/59 7.8s/it 3:51<4:02[K       8/50         0G      2.484       1.46     0.7833         15       1280: 49% ━━━━━╸────── 29/59 7.8s/it 3:59<3:55[K       8/50         0G        2.5      1.475     0.7838         14       1280: 50% ━━━━━━────── 30/59 7.8s/it 4:06<3:46[K       8/50         0G      2.509      1.522     0.7823          9       1280: 52% ━━━━━━────── 31/59 7.8s/it 4:14<3:39[K       8/50         0G      2.503      1.527     0.7863          8       1280: 54% ━━━━━━╸───── 32/59 7.9s/it 4:22<3:34[K       8/50         0G      2.512       1.54     0.7851         14       1280: 55% ━━━━━━╸───── 33/59 8.0s/it 4:31<3:28[K       8/50         0G      2.513      1.547     0.7847         16       1280: 57% ━━━━━━╸───── 34/59 7.9s/it 4:38<3:17[K       8/50         0G      2.505      1.546     0.7865         12       1280: 59% ━━━━━━━───── 35/59 8.0s/it 4:47<3:12[K       8/50         0G        2.5      1.539     0.7872         11       1280: 61% ━━━━━━━───── 36/59 7.9s/it 4:54<3:02[K       8/50         0G      2.491      1.527     0.7842         11       1280: 62% ━━━━━━━╸──── 37/59 7.9s/it 5:02<2:53[K       8/50         0G      2.494      1.536     0.7871         12       1280: 64% ━━━━━━━╸──── 38/59 7.8s/it 5:10<2:44[K       8/50         0G      2.484      1.524      0.789         10       1280: 66% ━━━━━━━╸──── 39/59 7.9s/it 5:18<2:38[K       8/50         0G      2.497      1.529     0.7913          6       1280: 67% ━━━━━━━━──── 40/59 8.0s/it 5:26<2:31[K       8/50         0G       2.49       1.52     0.7894         12       1280: 69% ━━━━━━━━──── 41/59 8.0s/it 5:34<2:24[K       8/50         0G      2.486      1.532     0.7928         13       1280: 71% ━━━━━━━━╸─── 42/59 8.0s/it 5:42<2:17[K       8/50         0G      2.494      1.534     0.7939         18       1280: 72% ━━━━━━━━╸─── 43/59 8.1s/it 5:50<2:09[K       8/50         0G      2.493       1.54     0.7961         10       1280: 74% ━━━━━━━━╸─── 44/59 8.0s/it 5:58<2:01[K       8/50         0G      2.475       1.54      0.798          8       1280: 76% ━━━━━━━━━─── 45/59 8.2s/it 6:07<1:54[K       8/50         0G      2.473       1.54     0.7981         15       1280: 77% ━━━━━━━━━─── 46/59 8.0s/it 6:14<1:44[K       8/50         0G      2.468      1.535     0.7973         12       1280: 79% ━━━━━━━━━╸── 47/59 8.2s/it 6:23<1:38[K       8/50         0G      2.463       1.53     0.7974         10       1280: 81% ━━━━━━━━━╸── 48/59 8.0s/it 6:30<1:28[K       8/50         0G      2.468      1.531     0.7976         12       1280: 83% ━━━━━━━━━╸── 49/59 8.1s/it 6:39<1:21[K       8/50         0G      2.467      1.529     0.7982         11       1280: 84% ━━━━━━━━━━── 50/59 8.1s/it 6:47<1:13[K       8/50         0G      2.468      1.532     0.7993         13       1280: 86% ━━━━━━━━━━── 51/59 8.2s/it 6:55<1:06[K       8/50         0G      2.471      1.528      0.799         14       1280: 88% ━━━━━━━━━━╸─ 52/59 8.1s/it 7:03<56.6s[K       8/50         0G       2.47      1.532     0.7989         10       1280: 89% ━━━━━━━━━━╸─ 53/59 8.1s/it 7:11<48.4s[K       8/50         0G      2.471      1.531     0.8001         12       1280: 91% ━━━━━━━━━━╸─ 54/59 8.0s/it 7:19<39.8s[K       8/50         0G      2.468      1.525     0.7992         14       1280: 93% ━━━━━━━━━━━─ 55/59 8.1s/it 7:27<32.2s[K       8/50         0G      2.458      1.523     0.8024          4       1280: 94% ━━━━━━━━━━━─ 56/59 8.0s/it 7:35<24.1s[K       8/50         0G      2.453       1.52     0.8022          9       1280: 96% ━━━━━━━━━━━╸ 57/59 8.0s/it 7:43<16.0s[K       8/50         0G      2.445      1.521      0.802         11       1280: 98% ━━━━━━━━━━━╸ 58/59 7.9s/it 7:51<7.9s[K       8/50         0G      2.445      1.521      0.802         11       1280: 100% ━━━━━━━━━━━━ 59/59 8.0s/it 7:51
[K                 Class     Images  Instances      Box(P          R      mAP50  mAP50-95): 11% ━─────────── 1/9 20.9s/it 6.3s<2:47[K                 Class     Images  Instances      Box(P          R      mAP50  mAP50-95): 22% ━━╸───────── 2/9 12.2s/it 12.4s<1:25[K                 Class     Images  Instances      Box(P          R      mAP50  mAP50-95): 33% ━━━━──────── 3/9 9.4s/it 18.6s<56.7s[K                 Class     Images  Instances      Box(P          R      mAP50  mAP50-95): 44% ━━━━━─────── 4/9 8.2s/it 24.9s<40.8s[K                 Class     Images  Instances      Box(P          R      mAP50  mAP50-95): 55% ━━━━━━╸───── 5/9 7.5s/it 31.0s<29.8s[K                 Class     Images  Instances      Box(P          R      mAP50  mAP50-95): 66% ━━━━━━━━──── 6/9 7.0s/it 37.2s<21.1s[K                 Class     Images  Instances      Box(P          R      mAP50  mAP50-95): 77% ━━━━━━━━━─── 7/9 6.8s/it 43.4s<13.5s[K                 Class     Images  Instances      Box(P          R      mAP50  mAP50-95): 88% ━━━━━━━━━━╸─ 8/9 6.6s/it 49.6s<6.6s[K                 Class     Images  Instances      Box(P          R      mAP50  mAP50-95): 100% ━━━━━━━━━━━━ 9/9 5.7s/it 51.4s
                   all        139        109      0.826      0.661      0.726      0.308

      Epoch    GPU_mem   box_loss   cls_loss   dfl_loss  Instances       Size
[K       9/50         0G      2.526      1.838     0.7994         13       1280: 0% ──────────── 0/59  9.0s[K       9/50         0G      2.183      1.541     0.8183         11       1280: 1% ──────────── 1/59 28.0s/it 17.4s<27:03[K       9/50         0G      2.017      1.409     0.7852          9       1280: 3% ──────────── 2/59 16.7s/it 26.0s<15:53[K       9/50         0G       2.05      1.379     0.7951         17       1280: 5% ╸─────────── 3/59 12.6s/it 34.1s<11:48[K       9/50         0G      2.113      1.383     0.7857         13       1280: 6% ╸─────────── 4/59 11.1s/it 42.8s<10:13[K       9/50         0G      2.136      1.386      0.779         16       1280: 8% ━─────────── 5/59 9.8s/it 50.5s<8:51[K       9/50         0G      2.138      1.451      0.784         15       1280: 10% ━─────────── 6/59 9.1s/it 58.2s<8:02[K       9/50         0G      2.125       1.47     0.7964         14       1280: 11% ━─────────── 7/59 8.9s/it 1:07<7:42[K       9/50         0G      2.126      1.495     0.8101          7       1280: 13% ━╸────────── 8/59 8.5s/it 1:14<7:13[K       9/50         0G      2.138      1.448     0.8199          8       1280: 15% ━╸────────── 9/59 8.5s/it 1:23<7:07[K       9/50         0G      2.152      1.422     0.8148         14       1280: 16% ━━────────── 10/59 8.4s/it 1:31<6:50[K       9/50         0G      2.139        1.4     0.8138         13       1280: 18% ━━────────── 11/59 8.5s/it 1:40<6:48[K       9/50         0G      2.137      1.399     0.8159         14       1280: 20% ━━────────── 12/59 8.3s/it 1:48<6:32[K       9/50         0G      2.122       1.37     0.8146         12       1280: 22% ━━╸───────── 13/59 8.4s/it 1:56<6:28[K       9/50         0G      2.087       1.34     0.8133          8       1280: 23% ━━╸───────── 14/59 8.3s/it 2:05<6:14[K       9/50         0G      2.093      1.318     0.8153          7       1280: 25% ━━━───────── 15/59 8.2s/it 2:13<6:02[K       9/50         0G       2.08      1.313     0.8116          7       1280: 27% ━━━───────── 16/59 8.1s/it 2:20<5:48[K       9/50         0G      2.105      1.319     0.8082         12       1280: 28% ━━━───────── 17/59 8.2s/it 2:29<5:46[K       9/50         0G      2.109      1.316     0.8101         12       1280: 30% ━━━╸──────── 18/59 8.1s/it 2:37<5:34[K       9/50         0G      2.091      1.303     0.8092         11       1280: 32% ━━━╸──────── 19/59 8.2s/it 2:45<5:30[K       9/50         0G      2.098      1.314      0.808         11       1280: 33% ━━━━──────── 20/59 8.1s/it 2:53<5:16[K       9/50         0G      2.074      1.314     0.8068          9       1280: 35% ━━━━──────── 21/59 8.1s/it 3:01<5:07[K       9/50         0G      2.082      1.346     0.8131         11       1280: 37% ━━━━──────── 22/59 8.2s/it 3:10<5:02[K       9/50         0G       2.07      1.343     0.8138          8       1280: 38% ━━━━╸─────── 23/59 8.2s/it 3:18<4:57[K       9/50         0G      2.079      1.351     0.8081         15       1280: 40% ━━━━╸─────── 24/59 8.2s/it 3:26<4:47[K       9/50         0G      2.086      1.363     0.8105         12       1280: 42% ━━━━━─────── 25/59 8.3s/it 3:35<4:42[K       9/50         0G      2.109      1.373     0.8171         10       1280: 44% ━━━━━─────── 26/59 8.2s/it 3:43<4:32[K       9/50         0G      2.108      1.377     0.8176         10       1280: 45% ━━━━━─────── 27/59 8.3s/it 3:51<4:26[K       9/50         0G      2.107      1.378     0.8206         15       1280: 47% ━━━━━╸────── 28/59 8.3s/it 3:60<4:17[K       9/50         0G      2.103      1.374     0.8206         16       1280: 49% ━━━━━╸────── 29/59 8.4s/it 4:08<4:11[K       9/50         0G      2.093      1.388     0.8195          7       1280: 50% ━━━━━━────── 30/59 8.1s/it 4:16<3:56[K       9/50         0G      2.102      1.384     0.8201         17       1280: 52% ━━━━━━────── 31/59 8.1s/it 4:24<3:47[K       9/50         0G      2.107      1.388     0.8216          7       1280: 54% ━━━━━━╸───── 32/59 8.0s/it 4:32<3:36[K       9/50         0G      2.102      1.382      0.818          8       1280: 55% ━━━━━━╸───── 33/59 8.2s/it 4:40<3:32[K       9/50         0G      2.114      1.377     0.8202         11       1280: 57% ━━━━━━╸───── 34/59 8.2s/it 4:48<3:24[K       9/50         0G      2.126      1.399       0.82         11       1280: 59% ━━━━━━━───── 35/59 8.2s/it 4:57<3:17[K       9/50         0G      2.131      1.388     0.8205         14       1280: 61% ━━━━━━━───── 36/59 8.2s/it 5:05<3:09[K       9/50         0G      2.123      1.383     0.8177         13       1280: 62% ━━━━━━━╸──── 37/59 8.2s/it 5:13<3:01[K       9/50         0G      2.118      1.378     0.8167         13       1280: 64% ━━━━━━━╸──── 38/59 8.1s/it 5:21<2:51[K       9/50         0G      2.102      1.382     0.8133          6       1280: 66% ━━━━━━━╸──── 39/59 8.1s/it 5:29<2:42[K       9/50         0G      2.108        1.4     0.8149         12       1280: 67% ━━━━━━━━──── 40/59 8.0s/it 5:37<2:32[K       9/50         0G      2.107      1.408      0.814         10       1280: 69% ━━━━━━━━──── 41/59 8.0s/it 5:45<2:24[K       9/50         0G      2.108      1.421     0.8128         12       1280: 71% ━━━━━━━━╸─── 42/59 8.1s/it 5:53<2:17[K       9/50         0G      2.111      1.419     0.8141         11       1280: 72% ━━━━━━━━╸─── 43/59 8.2s/it 6:01<2:11[K       9/50         0G      2.111      1.419     0.8127         10       1280: 74% ━━━━━━━━╸─── 44/59 8.2s/it 6:10<2:03[K       9/50         0G      2.109      1.422     0.8107          5       1280: 76% ━━━━━━━━━─── 45/59 8.1s/it 6:18<1:53[K       9/50         0G      2.117      1.422     0.8124         11       1280: 77% ━━━━━━━━━─── 46/59 8.1s/it 6:26<1:45[K       9/50         0G      2.121      1.425     0.8132         10       1280: 79% ━━━━━━━━━╸── 47/59 8.1s/it 6:34<1:37[K       9/50         0G      2.119      1.425     0.8108          8       1280: 81% ━━━━━━━━━╸── 48/59 8.5s/it 6:43<1:33[K       9/50         0G      2.119      1.423     0.8096         12       1280: 83% ━━━━━━━━━╸── 49/59 8.5s/it 6:52<1:25[K       9/50         0G      2.125      1.428     0.8083         12       1280: 84% ━━━━━━━━━━── 50/59 8.5s/it 7:01<1:17[K       9/50         0G      2.127      1.423     0.8075         11       1280: 86% ━━━━━━━━━━── 51/59 8.5s/it 7:09<1:08[K       9/50         0G      2.134       1.43     0.8093          9       1280: 88% ━━━━━━━━━━╸─ 52/59 8.5s/it 7:17<59.4s[K       9/50         0G      2.136      1.425     0.8098         15       1280: 89% ━━━━━━━━━━╸─ 53/59 8.5s/it 7:26<50.8s[K       9/50         0G      2.136      1.424     0.8086          9       1280: 91% ━━━━━━━━━━╸─ 54/59 8.4s/it 7:34<42.1s[K       9/50         0G      2.139      1.452     0.8107         12       1280: 93% ━━━━━━━━━━━─ 55/59 8.5s/it 7:43<33.9s[K       9/50         0G      2.143      1.452     0.8105         12       1280: 94% ━━━━━━━━━━━─ 56/59 8.5s/it 7:51<25.6s[K       9/50         0G      2.139      1.444     0.8102          9       1280: 96% ━━━━━━━━━━━╸ 57/59 8.6s/it 8:00<17.2s[K       9/50         0G      2.146      1.457     0.8111          9       1280: 98% ━━━━━━━━━━━╸ 58/59 8.6s/it 8:09<8.6s[K       9/50         0G      2.146      1.457     0.8111          9       1280: 100% ━━━━━━━━━━━━ 59/59 8.3s/it 8:09
[K                 Class     Images  Instances      Box(P          R      mAP50  mAP50-95): 11% ━─────────── 1/9 20.9s/it 6.3s<2:47[K                 Class     Images  Instances      Box(P          R      mAP50  mAP50-95): 22% ━━╸───────── 2/9 12.2s/it 12.4s<1:25[K                 Class     Images  Instances      Box(P          R      mAP50  mAP50-95): 33% ━━━━──────── 3/9 9.4s/it 18.6s<56.6s[K                 Class     Images  Instances      Box(P          R      mAP50  mAP50-95): 44% ━━━━━─────── 4/9 8.2s/it 24.9s<40.9s[K                 Class     Images  Instances      Box(P          R      mAP50  mAP50-95): 55% ━━━━━━╸───── 5/9 7.5s/it 31.0s<29.8s[K                 Class     Images  Instances      Box(P          R      mAP50  mAP50-95): 66% ━━━━━━━━──── 6/9 7.0s/it 37.2s<21.1s[K                 Class     Images  Instances      Box(P          R      mAP50  mAP50-95): 77% ━━━━━━━━━─── 7/9 6.8s/it 43.4s<13.5s[K                 Class     Images  Instances      Box(P          R      mAP50  mAP50-95): 88% ━━━━━━━━━━╸─ 8/9 6.6s/it 49.6s<6.6s[K                 Class     Images  Instances      Box(P          R      mAP50  mAP50-95): 100% ━━━━━━━━━━━━ 9/9 5.7s/it 51.4s
                   all        139        109      0.837      0.697       0.77      0.339

      Epoch    GPU_mem   box_loss   cls_loss   dfl_loss  Instances       Size
[K      10/50         0G      2.547      2.649      1.164          8       1280: 0% ──────────── 0/59  9.2s[K      10/50         0G      2.298      2.265     0.9793          7       1280: 1% ──────────── 1/59 29.9s/it 18.2s<28:55[K      10/50         0G      2.205       1.89     0.9397          7       1280: 3% ──────────── 2/59 16.9s/it 26.6s<16:06[K      10/50         0G      2.213      1.639     0.9197          8       1280: 5% ╸─────────── 3/59 13.0s/it 35.1s<12:09[K      10/50         0G      2.253      1.636     0.8953          6       1280: 6% ╸─────────── 4/59 11.2s/it 43.5s<10:15[K      10/50         0G      2.301       1.59      0.876         14       1280: 8% ━─────────── 5/59 10.2s/it 51.9s<9:10[K      10/50         0G      2.253      1.615     0.8678         15       1280: 10% ━─────────── 6/59 9.4s/it 60.0s<8:20[K      10/50         0G      2.316       1.64     0.8581         22       1280: 11% ━─────────── 7/59 9.1s/it 1:08<7:51[K      10/50         0G      2.304      1.589     0.8473         14       1280: 13% ━╸────────── 8/59 8.8s/it 1:17<7:31[K      10/50         0G      2.342      1.591     0.8492         14       1280: 15% ━╸────────── 9/59 8.7s/it 1:25<7:16[K      10/50         0G      2.304      1.538     0.8423         13       1280: 16% ━━────────── 10/59 8.5s/it 1:33<6:58[K      10/50         0G      2.317      1.517     0.8404         15       1280: 18% ━━────────── 11/59 8.5s/it 1:42<6:50[K      10/50         0G        2.3      1.491     0.8368         13       1280: 20% ━━────────── 12/59 8.5s/it 1:50<6:38[K      10/50         0G      2.282      1.458     0.8332         12       1280: 22% ━━╸───────── 13/59 8.4s/it 1:58<6:28[K      10/50         0G       2.28      1.477     0.8346         12       1280: 23% ━━╸───────── 14/59 8.3s/it 2:07<6:15[K      10/50         0G      2.266       1.46      0.831         15       1280: 25% ━━━───────── 15/59 8.3s/it 2:15<6:06[K      10/50         0G      2.259      1.476     0.8232         12       1280: 27% ━━━───────── 16/59 8.3s/it 2:23<5:56[K      10/50         0G      2.277      1.469     0.8217         11       1280: 28% ━━━───────── 17/59 8.5s/it 2:32<5:58[K      10/50         0G      2.307      1.481     0.8251         11       1280: 30% ━━━╸──────── 18/59 8.6s/it 2:41<5:52[K      10/50         0G      2.308      1.492     0.8269         14       1280: 32% ━━━╸──────── 19/59 8.5s/it 2:49<5:38[K      10/50         0G      2.313      1.502     0.8235          7       1280: 33% ━━━━──────── 20/59 8.4s/it 2:57<5:26[K      10/50         0G      2.323       1.48     0.8205         14       1280: 35% ━━━━──────── 21/59 8.4s/it 3:06<5:18[K      10/50         0G      2.319      1.486     0.8197         10       1280: 37% ━━━━──────── 22/59 8.4s/it 3:14<5:11[K      10/50         0G      2.316        1.5      0.816         10       1280: 38% ━━━━╸─────── 23/59 8.4s/it 3:23<5:04[K      10/50         0G      2.306      1.491     0.8146         12       1280: 40% ━━━━╸─────── 24/59 8.4s/it 3:31<4:55[K      10/50         0G       2.29      1.469     0.8142         11       1280: 42% ━━━━━─────── 25/59 8.5s/it 3:40<4:49[K      10/50         0G       2.29      1.465     0.8121         15       1280: 44% ━━━━━─────── 26/59 8.6s/it 3:49<4:44[K      10/50         0G      2.285      1.458     0.8109          8       1280: 45% ━━━━━─────── 27/59 8.8s/it 3:58<4:41[K      10/50         0G      2.298      1.451     0.8093         18       1280: 47% ━━━━━╸────── 28/59 8.9s/it 4:07<4:36[K      10/50         0G      2.295      1.458     0.8088         18       1280: 49% ━━━━━╸────── 29/59 9.1s/it 4:17<4:33[K      10/50         0G      2.291      1.455     0.8119         11       1280: 50% ━━━━━━────── 30/59 9.3s/it 4:26<4:29[K      10/50         0G      2.287      1.444     0.8148         14       1280: 52% ━━━━━━────── 31/59 9.3s/it 4:36<4:20[K      10/50         0G      2.291      1.449     0.8183         14       1280: 54% ━━━━━━╸───── 32/59 9.4s/it 4:45<4:13[K      10/50         0G      2.291      1.448      0.818         12       1280: 55% ━━━━━━╸───── 33/59 9.3s/it 4:54<4:01[K      10/50         0G      2.274      1.432     0.8173          9       1280: 57% ━━━━━━╸───── 34/59 9.2s/it 5:03<3:49[K      10/50         0G      2.265      1.428     0.8183         10       1280: 59% ━━━━━━━───── 35/59 9.3s/it 5:13<3:43[K      10/50         0G       2.26      1.427     0.8158         11       1280: 61% ━━━━━━━───── 36/59 9.3s/it 5:22<3:34[K      10/50         0G      2.258      1.415     0.8156          7       1280: 62% ━━━━━━━╸──── 37/59 9.4s/it 5:32<3:26[K      10/50         0G      2.257      1.409     0.8208          7       1280: 64% ━━━━━━━╸──── 38/59 9.4s/it 5:41<3:17[K      10/50         0G      2.253      1.413     0.8214          7       1280: 66% ━━━━━━━╸──── 39/59 9.4s/it 5:50<3:07[K      10/50         0G      2.252      1.408      0.833         11       1280: 67% ━━━━━━━━──── 40/59 9.1s/it 5:59<2:52[K      10/50         0G      2.246      1.401     0.8312         10       1280: 69% ━━━━━━━━──── 41/59 9.3s/it 6:09<2:47[K      10/50         0G      2.246      1.405      0.833         12       1280: 71% ━━━━━━━━╸─── 42/59 9.0s/it 6:17<2:32[K      10/50         0G      2.255      1.404     0.8305         15       1280: 72% ━━━━━━━━╸─── 43/59 8.8s/it 6:25<2:20[K      10/50         0G      2.264      1.407     0.8314         11       1280: 74% ━━━━━━━━╸─── 44/59 8.6s/it 6:33<2:09[K      10/50         0G      2.259      1.398     0.8281         12       1280: 76% ━━━━━━━━━─── 45/59 8.5s/it 6:42<1:59[K      10/50         0G      2.255      1.391     0.8266          6       1280: 77% ━━━━━━━━━─── 46/59 8.5s/it 6:50<1:50[K      10/50         0G      2.278      1.408      0.827          9       1280: 79% ━━━━━━━━━╸── 47/59 8.6s/it 6:59<1:43[K      10/50         0G      2.277      1.404     0.8256          9       1280: 81% ━━━━━━━━━╸── 48/59 8.5s/it 7:08<1:34[K      10/50         0G      2.281      1.398     0.8236         18       1280: 83% ━━━━━━━━━╸── 49/59 8.5s/it 7:16<1:25[K      10/50         0G      2.287      1.399     0.8246         11       1280: 84% ━━━━━━━━━━── 50/59 8.5s/it 7:25<1:17[K      10/50         0G      2.281      1.391     0.8219         12       1280: 86% ━━━━━━━━━━── 51/59 8.5s/it 7:33<1:08[K      10/50         0G       2.28      1.392     0.8218         10       1280: 88% ━━━━━━━━━━╸─ 52/59 8.4s/it 7:41<58.8s[K      10/50         0G      2.271      1.385     0.8211         10       1280: 89% ━━━━━━━━━━╸─ 53/59 8.4s/it 7:49<50.1s[K      10/50         0G      2.271      1.384     0.8204         13       1280: 91% ━━━━━━━━━━╸─ 54/59 8.3s/it 7:57<41.3s[K      10/50         0G       2.27      1.383     0.8211          7       1280: 93% ━━━━━━━━━━━─ 55/59 8.2s/it 8:06<32.8s[K      10/50         0G      2.274      1.388     0.8199          9       1280: 94% ━━━━━━━━━━━─ 56/59 8.2s/it 8:14<24.6s[K      10/50         0G      2.267       1.39     0.8207         10       1280: 96% ━━━━━━━━━━━╸ 57/59 8.3s/it 8:22<16.5s[K      10/50         0G      2.266      1.396     0.8228          8       1280: 98% ━━━━━━━━━━━╸ 58/59 8.3s/it 8:31<8.3s[K      10/50         0G      2.266      1.396     0.8228          8       1280: 100% ━━━━━━━━━━━━ 59/59 8.7s/it 8:31
[K                 Class     Images  Instances      Box(P          R      mAP50  mAP50-95): 11% ━─────────── 1/9 21.1s/it 6.3s<2:49[K                 Class     Images  Instances      Box(P          R      mAP50  mAP50-95): 22% ━━╸───────── 2/9 12.3s/it 12.6s<1:26[K                 Class     Images  Instances      Box(P          R      mAP50  mAP50-95): 33% ━━━━──────── 3/9 9.5s/it 18.8s<57.2s[K                 Class     Images  Instances      Box(P          R      mAP50  mAP50-95): 44% ━━━━━─────── 4/9 8.3s/it 25.1s<41.3s[K                 Class     Images  Instances      Box(P          R      mAP50  mAP50-95): 55% ━━━━━━╸───── 5/9 7.5s/it 31.3s<30.1s[K                 Class     Images  Instances      Box(P          R      mAP50  mAP50-95): 66% ━━━━━━━━──── 6/9 7.1s/it 37.5s<21.2s[K                 Class     Images  Instances      Box(P          R      mAP50  mAP50-95): 77% ━━━━━━━━━─── 7/9 6.8s/it 43.7s<13.6s[K                 Class     Images  Instances      Box(P          R      mAP50  mAP50-95): 88% ━━━━━━━━━━╸─ 8/9 6.6s/it 49.9s<6.6s[K                 Class     Images  Instances      Box(P          R      mAP50  mAP50-95): 100% ━━━━━━━━━━━━ 9/9 5.7s/it 51.7s
                   all        139        109       0.72      0.661      0.682      0.281

      Epoch    GPU_mem   box_loss   cls_loss   dfl_loss  Instances       Size
[K      11/50         0G      1.876     0.9455     0.7856         14       1280: 0% ──────────── 0/59  9.3s[K      11/50         0G      1.921      1.231     0.8271          7       1280: 1% ──────────── 1/59 30.2s/it 18.3s<29:14[K      11/50         0G      2.048       1.49     0.8407          8       1280: 3% ──────────── 2/59 16.4s/it 26.3s<15:36[K      11/50         0G      2.031      1.355     0.8445         10       1280: 5% ╸─────────── 3/59 12.6s/it 34.4s<11:43[K      11/50         0G      2.171      1.324     0.8385         11       1280: 6% ╸─────────── 4/59 10.8s/it 42.5s<9:53[K      11/50         0G      2.175      1.361     0.8426         14       1280: 8% ━─────────── 5/59 10.0s/it 51.1s<9:00[K      11/50         0G        2.2      1.392     0.8523         13       1280: 10% ━─────────── 6/59 9.4s/it 59.2s<8:17[K      11/50         0G      2.211      1.367     0.8444          9       1280: 11% ━─────────── 7/59 9.2s/it 1:08<7:57[K      11/50         0G       2.21       1.35     0.8403         16       1280: 13% ━╸────────── 8/59 9.1s/it 1:17<7:42[K      11/50         0G       2.17      1.319     0.8299          9       1280: 15% ━╸────────── 9/59 9.1s/it 1:26<7:37[K      11/50         0G      2.177      1.299     0.8185         12       1280: 16% ━━────────── 10/59 8.9s/it 1:35<7:16[K      11/50         0G      2.184       1.31     0.8122         10       1280: 18% ━━────────── 11/59 8.9s/it 1:44<7:09[K      11/50         0G      2.239      1.315     0.8231         11       1280: 20% ━━────────── 12/59 9.0s/it 1:53<7:01[K      11/50         0G      2.226       1.32     0.8233          9       1280: 22% ━━╸───────── 13/59 9.0s/it 2:02<6:55[K      11/50         0G      2.213       1.33     0.8125         10       1280: 23% ━━╸───────── 14/59 9.0s/it 2:11<6:43[K      11/50         0G       2.23      1.331     0.8195          7       1280: 25% ━━━───────── 15/59 9.0s/it 2:20<6:36[K      11/50         0G       2.25      1.349     0.8194         12       1280: 27% ━━━───────── 16/59 8.8s/it 2:28<6:19[K      11/50         0G      2.238      1.329       0.82         15       1280: 28% ━━━───────── 17/59 8.8s/it 2:37<6:09[K      11/50         0G      2.228      1.319     0.8197          9       1280: 30% ━━━╸──────── 18/59 8.9s/it 2:46<6:06[K      11/50         0G      2.239       1.32     0.8233         15       1280: 32% ━━━╸──────── 19/59 8.9s/it 2:55<5:57[K      11/50         0G      2.242      1.336     0.8226         19       1280: 33% ━━━━──────── 20/59 8.9s/it 3:04<5:49[K      11/50         0G      2.235      1.334      0.825          7       1280: 35% ━━━━──────── 21/59 9.0s/it 3:13<5:44[K      11/50         0G      2.252       1.34     0.8214         14       1280: 37% ━━━━──────── 22/59 9.1s/it 3:22<5:36[K      11/50         0G      2.256      1.331     0.8196         10       1280: 38% ━━━━╸─────── 23/59 9.0s/it 3:31<5:26[K      11/50         0G      2.248      1.348     0.8194         15       1280: 40% ━━━━╸─────── 24/59 8.9s/it 3:40<5:10[K      11/50         0G      2.261      1.368      0.822         12       1280: 42% ━━━━━─────── 25/59 8.8s/it 3:49<4:60[K      11/50         0G      2.247      1.363     0.8202         12       1280: 44% ━━━━━─────── 26/59 8.7s/it 3:57<4:46[K      11/50         0G      2.257      1.401     0.8225         18       1280: 45% ━━━━━─────── 27/59 8.5s/it 4:05<4:34[K      11/50         0G       2.25      1.407       0.82         14       1280: 47% ━━━━━╸────── 28/59 8.5s/it 4:14<4:24[K      11/50         0G      2.251      1.416     0.8165         11       1280: 49% ━━━━━╸────── 29/59 8.6s/it 4:22<4:18[K      11/50         0G      2.253      1.405     0.8177         11       1280: 50% ━━━━━━────── 30/59 8.5s/it 4:31<4:07[K      11/50         0G      2.265      1.401     0.8161          9       1280: 52% ━━━━━━────── 31/59 8.4s/it 4:39<3:56[K      11/50         0G      2.268      1.407     0.8174         11       1280: 54% ━━━━━━╸───── 32/59 8.3s/it 4:47<3:45[K      11/50         0G      2.265      1.403      0.815         16       1280: 55% ━━━━━━╸───── 33/59 8.3s/it 4:55<3:35[K      11/50         0G      2.266      1.405     0.8149          9       1280: 57% ━━━━━━╸───── 34/59 8.3s/it 5:04<3:28[K      11/50         0G      2.249      1.392     0.8133         12       1280: 59% ━━━━━━━───── 35/59 8.4s/it 5:12<3:21[K      11/50         0G      2.256      1.395     0.8176          8       1280: 61% ━━━━━━━───── 36/59 8.4s/it 5:21<3:13[K      11/50         0G       2.24      1.386     0.8185         11       1280: 62% ━━━━━━━╸──── 37/59 8.5s/it 5:29<3:07[K      11/50         0G      2.228      1.392     0.8211         10       1280: 64% ━━━━━━━╸──── 38/59 8.6s/it 5:38<3:01[K      11/50         0G       2.22      1.383     0.8174         11       1280: 66% ━━━━━━━╸──── 39/59 8.6s/it 5:47<2:51[K      11/50         0G      2.216      1.373     0.8154         10       1280: 67% ━━━━━━━━──── 40/59 8.5s/it 5:55<2:41[K      11/50         0G      2.219      1.389     0.8195          9       1280: 69% ━━━━━━━━──── 41/59 8.4s/it 6:03<2:32[K      11/50         0G      2.211      1.383     0.8189         11       1280: 71% ━━━━━━━━╸─── 42/59 8.2s/it 6:11<2:19[K      11/50         0G      2.231      1.381     0.8175         20       1280: 72% ━━━━━━━━╸─── 43/59 8.2s/it 6:19<2:11[K      11/50         0G       2.22      1.373     0.8182          9       1280: 74% ━━━━━━━━╸─── 44/59 8.2s/it 6:27<2:02[K      11/50         0G      2.226      1.365     0.8174         17       1280: 76% ━━━━━━━━━─── 45/59 8.2s/it 6:35<1:54[K      11/50         0G       2.23      1.362     0.8138         12       1280: 77% ━━━━━━━━━─── 46/59 8.2s/it 6:44<1:47[K      11/50         0G      2.228      1.366     0.8138         10       1280: 79% ━━━━━━━━━╸── 47/59 8.2s/it 6:52<1:39[K      11/50         0G      2.238      1.359     0.8143         12       1280: 81% ━━━━━━━━━╸── 48/59 8.2s/it 7:00<1:30[K      11/50         0G       2.23      1.352     0.8147          7       1280: 83% ━━━━━━━━━╸── 49/59 8.2s/it 7:08<1:22[K      11/50         0G      2.241      1.359     0.8164         13       1280: 84% ━━━━━━━━━━── 50/59 8.3s/it 7:17<1:14[K      11/50         0G      2.242      1.366     0.8167          8       1280: 86% ━━━━━━━━━━── 51/59 8.2s/it 7:25<1:06[K      11/50         0G       2.24      1.369      0.817         16       1280: 88% ━━━━━━━━━━╸─ 52/59 8.1s/it 7:33<56.6s[K      11/50         0G      2.245      1.368      0.816         10       1280: 89% ━━━━━━━━━━╸─ 53/59 8.2s/it 7:41<49.3s[K      11/50         0G      2.241      1.365     0.8152          6       1280: 91% ━━━━━━━━━━╸─ 54/59 8.1s/it 7:49<40.6s[K      11/50         0G      2.243      1.368     0.8178          6       1280: 93% ━━━━━━━━━━━─ 55/59 8.0s/it 7:57<32.2s[K      11/50         0G      2.243      1.371     0.8207         10       1280: 94% ━━━━━━━━━━━─ 56/59 8.2s/it 8:05<24.5s[K      11/50         0G      2.244      1.374     0.8216         10       1280: 96% ━━━━━━━━━━━╸ 57/59 8.2s/it 8:14<16.5s[K      11/50         0G      2.246      1.379     0.8212          9       1280: 98% ━━━━━━━━━━━╸ 58/59 8.3s/it 8:22<8.3s[K      11/50         0G      2.246      1.379     0.8212          9       1280: 100% ━━━━━━━━━━━━ 59/59 8.5s/it 8:22
[K                 Class     Images  Instances      Box(P          R      mAP50  mAP50-95): 11% ━─────────── 1/9 20.8s/it 6.2s<2:47[K                 Class     Images  Instances      Box(P          R      mAP50  mAP50-95): 22% ━━╸───────── 2/9 12.1s/it 12.4s<1:25[K                 Class     Images  Instances      Box(P          R      mAP50  mAP50-95): 33% ━━━━──────── 3/9 9.4s/it 18.6s<56.4s[K                 Class     Images  Instances      Box(P          R      mAP50  mAP50-95): 44% ━━━━━─────── 4/9 8.2s/it 24.8s<40.8s[K                 Class     Images  Instances      Box(P          R      mAP50  mAP50-95): 55% ━━━━━━╸───── 5/9 7.4s/it 31.0s<29.8s[K                 Class     Images  Instances      Box(P          R      mAP50  mAP50-95): 66% ━━━━━━━━──── 6/9 7.0s/it 37.1s<21.0s[K                 Class     Images  Instances      Box(P          R      mAP50  mAP50-95): 77% ━━━━━━━━━─── 7/9 6.7s/it 43.3s<13.5s[K                 Class     Images  Instances      Box(P          R      mAP50  mAP50-95): 88% ━━━━━━━━━━╸─ 8/9 6.6s/it 49.5s<6.6s[K                 Class     Images  Instances      Box(P          R      mAP50  mAP50-95): 100% ━━━━━━━━━━━━ 9/9 5.7s/it 51.4s
                   all        139        109      0.902      0.633      0.733      0.328

      Epoch    GPU_mem   box_loss   cls_loss   dfl_loss  Instances       Size
[K      12/50         0G      2.102      1.257     0.8126         10       1280: 0% ──────────── 0/59  9.5s[K      12/50         0G      2.094      1.259     0.8198         16       1280: 1% ──────────── 1/59 30.3s/it 18.5s<29:16[K      12/50         0G      2.119       1.45     0.8213         12       1280: 3% ──────────── 2/59 17.0s/it 27.0s<16:09[K      12/50         0G      2.148      1.454     0.8331         13       1280: 5% ╸─────────── 3/59 13.0s/it 35.3s<12:07[K      12/50         0G      2.097      1.438     0.8245         15       1280: 6% ╸─────────── 4/59 11.1s/it 43.6s<10:11[K      12/50         0G      2.013      1.331     0.8107         13       1280: 8% ━─────────── 5/59 10.1s/it 52.0s<9:05[K      12/50         0G      2.017      1.277     0.7803          8       1280: 10% ━─────────── 6/59 9.2s/it 59.7s<8:10[K      12/50         0G      2.002      1.279     0.7868         15       1280: 11% ━─────────── 7/59 8.9s/it 1:08<7:45[K      12/50         0G      1.973      1.232     0.7844         11       1280: 13% ━╸────────── 8/59 8.7s/it 1:16<7:23[K      12/50         0G      1.998      1.212     0.7805         11       1280: 15% ━╸────────── 9/59 8.6s/it 1:25<7:12[K      12/50         0G      1.994      1.225     0.7785         14       1280: 16% ━━────────── 10/59 8.6s/it 1:33<7:02[K      12/50         0G      2.002       1.23     0.7763         12       1280: 18% ━━────────── 11/59 8.5s/it 1:42<6:50[K      12/50         0G      1.981      1.213     0.7732          9       1280: 20% ━━────────── 12/59 8.4s/it 1:50<6:35[K      12/50         0G      2.012       1.23     0.7753          9       1280: 22% ━━╸───────── 13/59 8.4s/it 1:58<6:25[K      12/50         0G      1.999      1.288      0.782          7       1280: 23% ━━╸───────── 14/59 8.5s/it 2:07<6:21[K      12/50         0G      2.005      1.278     0.7806         13       1280: 25% ━━━───────── 15/59 8.5s/it 2:15<6:12[K      12/50         0G      2.023      1.282     0.7854         12       1280: 27% ━━━───────── 16/59 8.4s/it 2:23<5:59[K      12/50         0G       2.05      1.301     0.7824         14       1280: 28% ━━━───────── 17/59 8.4s/it 2:32<5:52[K      12/50         0G      2.079      1.353       0.78          7       1280: 30% ━━━╸──────── 18/59 8.4s/it 2:40<5:45[K      12/50         0G      2.079      1.347     0.7837          8       1280: 32% ━━━╸──────── 19/59 8.5s/it 2:49<5:39[K      12/50         0G      2.085      1.337     0.7878          8       1280: 33% ━━━━──────── 20/59 8.5s/it 2:57<5:30[K      12/50         0G      2.088      1.336     0.7881          8       1280: 35% ━━━━──────── 21/59 8.6s/it 3:06<5:27[K      12/50         0G       2.08       1.32     0.7857         10       1280: 37% ━━━━──────── 22/59 8.5s/it 3:15<5:16[K      12/50         0G      2.088      1.318     0.7855         12       1280: 38% ━━━━╸─────── 23/59 8.6s/it 3:23<5:08[K      12/50         0G      2.097      1.315     0.7857         13       1280: 40% ━━━━╸─────── 24/59 8.5s/it 3:32<4:58[K      12/50         0G      2.103      1.312     0.7814         12       1280: 42% ━━━━━─────── 25/59 8.4s/it 3:40<4:47[K      12/50         0G      2.103      1.315     0.7806         16       1280: 44% ━━━━━─────── 26/59 8.5s/it 3:48<4:40[K      12/50         0G      2.106      1.301     0.7785         12       1280: 45% ━━━━━─────── 27/59 8.5s/it 3:57<4:30[K      12/50         0G        2.1      1.299     0.7751         10       1280: 47% ━━━━━╸────── 28/59 8.4s/it 4:05<4:20[K      12/50         0G      2.095      1.293     0.7751         12       1280: 49% ━━━━━╸────── 29/59 8.4s/it 4:13<4:12[K      12/50         0G      2.097      1.293     0.7717          8       1280: 50% ━━━━━━────── 30/59 8.3s/it 4:22<4:02[K      12/50         0G       2.09      1.281     0.7712         11       1280: 52% ━━━━━━────── 31/59 8.4s/it 4:30<3:54[K      12/50         0G      2.093      1.273     0.7699          9       1280: 54% ━━━━━━╸───── 32/59 8.4s/it 4:39<3:47[K      12/50         0G      2.095       1.28     0.7698         11       1280: 55% ━━━━━━╸───── 33/59 8.4s/it 4:47<3:39[K      12/50         0G      2.085      1.273     0.7665         16       1280: 57% ━━━━━━╸───── 34/59 8.5s/it 4:56<3:32[K      12/50         0G      2.085      1.268     0.7665         11       1280: 59% ━━━━━━━───── 35/59 8.7s/it 5:05<3:29[K      12/50         0G      2.081      1.273     0.7665          6       1280: 61% ━━━━━━━───── 36/59 8.8s/it 5:14<3:22[K      12/50         0G      2.074      1.274     0.7651          7       1280: 62% ━━━━━━━╸──── 37/59 8.8s/it 5:23<3:13[K      12/50         0G      2.072      1.279     0.7659         10       1280: 64% ━━━━━━━╸──── 38/59 8.6s/it 5:31<3:01[K      12/50         0G      2.077      1.273     0.7649         18       1280: 66% ━━━━━━━╸──── 39/59 8.5s/it 5:39<2:51[K      12/50         0G      2.076      1.274      0.763         16       1280: 67% ━━━━━━━━──── 40/59 8.7s/it 5:48<2:44[K      12/50         0G      2.086       1.27     0.7651          8       1280: 69% ━━━━━━━━──── 41/59 8.8s/it 5:57<2:38[K      12/50         0G      2.076      1.267     0.7653          8       1280: 71% ━━━━━━━━╸─── 42/59 8.6s/it 6:06<2:27[K      12/50         0G      2.074       1.26     0.7638          8       1280: 72% ━━━━━━━━╸─── 43/59 8.6s/it 6:14<2:18[K      12/50         0G      2.077      1.264     0.7644         11       1280: 74% ━━━━━━━━╸─── 44/59 8.6s/it 6:23<2:08[K      12/50         0G      2.076      1.263     0.7663         11       1280: 76% ━━━━━━━━━─── 45/59 8.4s/it 6:31<1:58[K      12/50         0G      2.075      1.264     0.7675         13       1280: 77% ━━━━━━━━━─── 46/59 8.5s/it 6:39<1:50[K      12/50         0G      2.071      1.262     0.7692         10       1280: 79% ━━━━━━━━━╸── 47/59 8.5s/it 6:48<1:42[K      12/50         0G      2.067      1.258     0.7693         13       1280: 81% ━━━━━━━━━╸── 48/59 8.5s/it 6:56<1:33[K      12/50         0G      2.064      1.255     0.7688         13       1280: 83% ━━━━━━━━━╸── 49/59 8.5s/it 7:05<1:25[K      12/50         0G       2.06      1.251     0.7705          9       1280: 84% ━━━━━━━━━━── 50/59 8.4s/it 7:13<1:16[K      12/50         0G      2.069      1.253     0.7721         11       1280: 86% ━━━━━━━━━━── 51/59 8.5s/it 7:22<1:08[K      12/50         0G       2.07      1.258     0.7722         13       1280: 88% ━━━━━━━━━━╸─ 52/59 8.3s/it 7:30<58.1s[K      12/50         0G      2.074      1.255     0.7736         14       1280: 89% ━━━━━━━━━━╸─ 53/59 8.3s/it 7:38<49.8s[K      12/50         0G      2.064      1.261     0.7725          7       1280: 91% ━━━━━━━━━━╸─ 54/59 8.3s/it 7:46<41.4s[K      12/50         0G      2.056      1.259      0.773          7       1280: 93% ━━━━━━━━━━━─ 55/59 8.3s/it 7:55<33.3s[K      12/50         0G      2.052      1.257     0.7721         11       1280: 94% ━━━━━━━━━━━─ 56/59 8.4s/it 8:03<25.2s[K      12/50         0G      2.048      1.259     0.7723          9       1280: 96% ━━━━━━━━━━━╸ 57/59 8.3s/it 8:11<16.7s[K      12/50         0G      2.049      1.259     0.7733         12       1280: 98% ━━━━━━━━━━━╸ 58/59 8.4s/it 8:20<8.4s[K      12/50         0G      2.049      1.259     0.7733         12       1280: 100% ━━━━━━━━━━━━ 59/59 8.5s/it 8:20
[K                 Class     Images  Instances      Box(P          R      mAP50  mAP50-95): 11% ━─────────── 1/9 20.9s/it 6.3s<2:47[K                 Class     Images  Instances      Box(P          R      mAP50  mAP50-95): 22% ━━╸───────── 2/9 12.2s/it 12.4s<1:25[K                 Class     Images  Instances      Box(P          R      mAP50  mAP50-95): 33% ━━━━──────── 3/9 9.4s/it 18.6s<56.6s[K                 Class     Images  Instances      Box(P          R      mAP50  mAP50-95): 44% ━━━━━─────── 4/9 8.2s/it 24.9s<40.9s[K                 Class     Images  Instances      Box(P          R      mAP50  mAP50-95): 55% ━━━━━━╸───── 5/9 7.5s/it 31.1s<29.8s[K                 Class     Images  Instances      Box(P          R      mAP50  mAP50-95): 66% ━━━━━━━━──── 6/9 7.0s/it 37.3s<21.1s[K                 Class     Images  Instances      Box(P          R      mAP50  mAP50-95): 77% ━━━━━━━━━─── 7/9 6.8s/it 43.4s<13.5s[K                 Class     Images  Instances      Box(P          R      mAP50  mAP50-95): 88% ━━━━━━━━━━╸─ 8/9 6.6s/it 49.6s<6.6s[K                 Class     Images  Instances      Box(P          R      mAP50  mAP50-95): 100% ━━━━━━━━━━━━ 9/9 5.7s/it 51.4s
                   all        139        109      0.826      0.789      0.808      0.355

      Epoch    GPU_mem   box_loss   cls_loss   dfl_loss  Instances       Size
[K      13/50         0G      1.784     0.8682     0.7774          9       1280: 0% ──────────── 0/59  9.9s[K      13/50         0G      1.899     0.9009     0.8364         10       1280: 1% ──────────── 1/59 26.8s/it 17.9s<25:55[K      13/50         0G      1.925     0.9168     0.8213         10       1280: 3% ──────────── 2/59 16.2s/it 26.3s<15:21[K      13/50         0G      1.908      1.002     0.8179          7       1280: 5% ╸─────────── 3/59 12.6s/it 34.7s<11:47[K      13/50         0G      1.951      1.084     0.8089         13       1280: 6% ╸─────────── 4/59 11.0s/it 43.1s<10:04[K      13/50         0G      1.906      1.099     0.8035          9       1280: 8% ━─────────── 5/59 10.2s/it 51.9s<9:12[K      13/50         0G      1.912      1.061     0.8026         14       1280: 10% ━─────────── 6/59 9.5s/it 1:00<8:24[K      13/50         0G      1.885      1.039     0.7902          9       1280: 11% ━─────────── 7/59 9.2s/it 1:09<7:60[K      13/50         0G      1.898      1.035     0.7819         13       1280: 13% ━╸────────── 8/59 9.0s/it 1:17<7:37[K      13/50         0G      1.926      1.022     0.7772         13       1280: 15% ━╸────────── 9/59 8.8s/it 1:26<7:20[K      13/50         0G      1.982       1.11     0.7984          7       1280: 16% ━━────────── 10/59 8.7s/it 1:34<7:05[K      13/50         0G      2.011       1.12     0.7859         10       1280: 18% ━━────────── 11/59 8.4s/it 1:42<6:45[K      13/50         0G      2.094      1.186     0.7895         13       1280: 20% ━━────────── 12/59 8.5s/it 1:50<6:38[K      13/50         0G      2.104      1.179       0.79         15       1280: 22% ━━╸───────── 13/59 8.6s/it 1:59<6:33[K      13/50         0G      2.122      1.188     0.7853         16       1280: 23% ━━╸───────── 14/59 8.5s/it 2:08<6:24[K      13/50         0G      2.156       1.23     0.7864         13       1280: 25% ━━━───────── 15/59 8.4s/it 2:16<6:11[K      13/50         0G      2.158      1.207     0.7904         11       1280: 27% ━━━───────── 16/59 8.4s/it 2:24<6:00[K      13/50         0G      2.159      1.226     0.7945         12       1280: 28% ━━━───────── 17/59 8.4s/it 2:32<5:51[K      13/50         0G      2.179      1.241     0.7915         18       1280: 30% ━━━╸──────── 18/59 8.4s/it 2:41<5:43[K      13/50         0G      2.161      1.245     0.7887         11       1280: 32% ━━━╸──────── 19/59 8.4s/it 2:49<5:36[K      13/50         0G       2.13       1.26     0.7856         12       1280: 33% ━━━━──────── 20/59 8.4s/it 2:58<5:28[K      13/50         0G      2.103      1.241     0.7832         13       1280: 35% ━━━━──────── 21/59 8.5s/it 3:06<5:23[K      13/50         0G      2.089      1.229     0.7835         11       1280: 37% ━━━━──────── 22/59 8.5s/it 3:15<5:13[K      13/50         0G      2.095      1.224     0.7781         15       1280: 38% ━━━━╸─────── 23/59 8.4s/it 3:23<5:04[K      13/50         0G      2.083      1.257     0.7799          6       1280: 40% ━━━━╸─────── 24/59 8.4s/it 3:31<4:53[K      13/50         0G      2.064      1.248      0.778         15       1280: 42% ━━━━━─────── 25/59 8.4s/it 3:40<4:46[K      13/50         0G      2.066      1.252     0.7795         14       1280: 44% ━━━━━─────── 26/59 8.4s/it 3:48<4:36[K      13/50         0G       2.05       1.25     0.7807          7       1280: 45% ━━━━━─────── 27/59 8.5s/it 3:57<4:31[K      13/50         0G      2.043      1.259     0.7811         13       1280: 47% ━━━━━╸────── 28/59 8.4s/it 4:05<4:20[K      13/50         0G      2.054      1.263     0.7837          7       1280: 49% ━━━━━╸────── 29/59 8.3s/it 4:13<4:10[K      13/50         0G      2.055      1.278     0.7848          9       1280: 50% ━━━━━━────── 30/59 8.2s/it 4:21<3:58[K      13/50         0G      2.048      1.275     0.7847          9       1280: 52% ━━━━━━────── 31/59 8.2s/it 4:29<3:49[K      13/50         0G      2.043      1.283     0.7849          8       1280: 54% ━━━━━━╸───── 32/59 8.2s/it 4:37<3:40[K      13/50         0G      2.053      1.287     0.7814         19       1280: 55% ━━━━━━╸───── 33/59 8.3s/it 4:46<3:35[K      13/50         0G      2.055      1.281     0.7822         13       1280: 57% ━━━━━━╸───── 34/59 8.3s/it 4:55<3:29[K      13/50         0G      2.065      1.296     0.7797         10       1280: 59% ━━━━━━━───── 35/59 8.4s/it 5:03<3:21[K      13/50         0G       2.06      1.289      0.781         12       1280: 61% ━━━━━━━───── 36/59 8.4s/it 5:11<3:12[K      13/50         0G      2.052      1.287      0.779          8       1280: 62% ━━━━━━━╸──── 37/59 8.3s/it 5:20<3:03[K      13/50         0G      2.045      1.281     0.7788         13       1280: 64% ━━━━━━━╸──── 38/59 8.4s/it 5:28<2:56[K      13/50         0G      2.045      1.284      0.783          8       1280: 66% ━━━━━━━╸──── 39/59 8.4s/it 5:36<2:47[K      13/50         0G      2.039      1.281     0.7826          6       1280: 67% ━━━━━━━━──── 40/59 8.4s/it 5:45<2:39[K      13/50         0G      2.048      1.288     0.7837         13       1280: 69% ━━━━━━━━──── 41/59 8.6s/it 5:54<2:34[K      13/50         0G      2.051      1.281     0.7834         15       1280: 71% ━━━━━━━━╸─── 42/59 8.6s/it 6:03<2:27[K      13/50         0G      2.054      1.284     0.7835         10       1280: 72% ━━━━━━━━╸─── 43/59 8.8s/it 6:12<2:20[K      13/50         0G       2.06      1.286     0.7832         19       1280: 74% ━━━━━━━━╸─── 44/59 8.8s/it 6:21<2:13[K      13/50         0G      2.067      1.285     0.7831         18       1280: 76% ━━━━━━━━━─── 45/59 9.0s/it 6:30<2:06[K      13/50         0G       2.07      1.287     0.7813         19       1280: 77% ━━━━━━━━━─── 46/59 9.0s/it 6:39<1:56[K      13/50         0G      2.066      1.285     0.7834          9       1280: 79% ━━━━━━━━━╸── 47/59 8.9s/it 6:48<1:47[K      13/50         0G      2.065      1.285     0.7836          9       1280: 81% ━━━━━━━━━╸── 48/59 8.9s/it 6:57<1:37[K      13/50         0G      2.075      1.286     0.7845         12       1280: 83% ━━━━━━━━━╸── 49/59 8.9s/it 7:06<1:29[K      13/50         0G      2.082      1.305     0.7874         10       1280: 84% ━━━━━━━━━━── 50/59 8.8s/it 7:14<1:19[K      13/50         0G      2.082      1.298     0.7867         15       1280: 86% ━━━━━━━━━━── 51/59 8.6s/it 7:22<1:09[K      13/50         0G      2.079      1.289     0.7861         11       1280: 88% ━━━━━━━━━━╸─ 52/59 8.5s/it 7:31<59.4s[K      13/50         0G      2.075      1.283     0.7855          9       1280: 89% ━━━━━━━━━━╸─ 53/59 8.5s/it 7:39<50.8s[K      13/50         0G      2.076      1.279     0.7834         14       1280: 91% ━━━━━━━━━━╸─ 54/59 8.4s/it 7:47<42.0s[K      13/50         0G      2.079      1.274     0.7836         12       1280: 93% ━━━━━━━━━━━─ 55/59 8.6s/it 7:56<34.3s[K      13/50         0G      2.078      1.278     0.7824         13       1280: 94% ━━━━━━━━━━━─ 56/59 8.5s/it 8:04<25.5s[K      13/50         0G      2.074      1.287     0.7832          8       1280: 96% ━━━━━━━━━━━╸ 57/59 8.6s/it 8:13<17.2s[K      13/50         0G      2.067      1.284     0.7833         14       1280: 98% ━━━━━━━━━━━╸ 58/59 8.5s/it 8:22<8.5s[K      13/50         0G      2.067      1.284     0.7833         14       1280: 100% ━━━━━━━━━━━━ 59/59 8.5s/it 8:22
[K                 Class     Images  Instances      Box(P          R      mAP50  mAP50-95): 11% ━─────────── 1/9 20.7s/it 6.2s<2:46[K                 Class     Images  Instances      Box(P          R      mAP50  mAP50-95): 22% ━━╸───────── 2/9 12.1s/it 12.4s<1:25[K                 Class     Images  Instances      Box(P          R      mAP50  mAP50-95): 33% ━━━━──────── 3/9 9.4s/it 18.6s<56.5s[K                 Class     Images  Instances      Box(P          R      mAP50  mAP50-95): 44% ━━━━━─────── 4/9 8.2s/it 24.8s<40.9s[K                 Class     Images  Instances      Box(P          R      mAP50  mAP50-95): 55% ━━━━━━╸───── 5/9 7.5s/it 31.1s<29.9s[K                 Class     Images  Instances      Box(P          R      mAP50  mAP50-95): 66% ━━━━━━━━──── 6/9 7.0s/it 37.3s<21.1s[K                 Class     Images  Instances      Box(P          R      mAP50  mAP50-95): 77% ━━━━━━━━━─── 7/9 6.8s/it 43.5s<13.5s[K                 Class     Images  Instances      Box(P          R      mAP50  mAP50-95): 88% ━━━━━━━━━━╸─ 8/9 6.6s/it 49.7s<6.6s[K                 Class     Images  Instances      Box(P          R      mAP50  mAP50-95): 100% ━━━━━━━━━━━━ 9/9 5.7s/it 51.4s
                   all        139        109      0.888      0.688      0.744      0.343

      Epoch    GPU_mem   box_loss   cls_loss   dfl_loss  Instances       Size
[K      14/50         0G      2.485      2.051     0.7583          8       1280: 0% ──────────── 0/59  9.3s[K      14/50         0G      2.226      1.924     0.8273         12       1280: 1% ──────────── 1/59 28.4s/it 17.8s<27:28[K      14/50         0G      2.198      1.783     0.8231          8       1280: 3% ──────────── 2/59 16.4s/it 26.1s<15:34[K      14/50         0G      2.058      1.849     0.8477          6       1280: 5% ╸─────────── 3/59 12.9s/it 34.7s<12:01[K      14/50         0G      2.025      1.658      0.833          9       1280: 6% ╸─────────── 4/59 11.2s/it 43.2s<10:15[K      14/50         0G      1.996      1.684      0.842         13       1280: 8% ━─────────── 5/59 10.2s/it 51.7s<9:12[K      14/50         0G      2.048      1.726     0.8627         11       1280: 10% ━─────────── 6/59 9.6s/it 1:00<8:31[K      14/50         0G       2.05      1.647     0.8421         10       1280: 11% ━─────────── 7/59 9.1s/it 1:08<7:54[K      14/50         0G      2.052      1.583      0.827          8       1280: 13% ━╸────────── 8/59 8.9s/it 1:17<7:34[K      14/50         0G      2.046       1.53     0.8243         12       1280: 15% ━╸────────── 9/59 8.8s/it 1:25<7:18[K      14/50         0G      2.071      1.529     0.8192         18       1280: 16% ━━────────── 10/59 8.8s/it 1:34<7:12[K      14/50         0G      2.055      1.498     0.8129          9       1280: 18% ━━────────── 11/59 8.9s/it 1:43<7:07[K      14/50         0G       2.05      1.472     0.8164         11       1280: 20% ━━────────── 12/59 8.8s/it 1:52<6:53[K      14/50         0G      2.057      1.431     0.8128         14       1280: 22% ━━╸───────── 13/59 8.7s/it 2:00<6:40[K      14/50         0G      2.063      1.432     0.8108         16       1280: 23% ━━╸───────── 14/59 8.6s/it 2:09<6:28[K      14/50         0G      2.085      1.414     0.8085         11       1280: 25% ━━━───────── 15/59 8.6s/it 2:17<6:17[K      14/50         0G      2.073      1.391     0.8106         13       1280: 27% ━━━───────── 16/59 8.4s/it 2:25<6:03[K      14/50         0G      2.088      1.392     0.8124         15       1280: 28% ━━━───────── 17/59 8.5s/it 2:34<5:56[K      14/50         0G      2.077      1.395     0.8114         15       1280: 30% ━━━╸──────── 18/59 8.6s/it 2:43<5:52[K      14/50         0G      2.103      1.398     0.8112         13       1280: 32% ━━━╸──────── 19/59 8.5s/it 2:51<5:39[K      14/50         0G      2.094      1.382     0.8079         11       1280: 33% ━━━━──────── 20/59 8.5s/it 2:59<5:30[K      14/50         0G      2.095      1.364     0.8054         11       1280: 35% ━━━━──────── 21/59 8.5s/it 3:08<5:22[K      14/50         0G      2.081      1.346     0.8062         11       1280: 37% ━━━━──────── 22/59 8.5s/it 3:16<5:13[K      14/50         0G      2.083      1.332     0.8066         11       1280: 38% ━━━━╸─────── 23/59 8.4s/it 3:25<5:03[K      14/50         0G       2.09      1.328     0.8065         16       1280: 40% ━━━━╸─────── 24/59 8.4s/it 3:33<4:54[K      14/50         0G      2.076      1.317     0.8055         12       1280: 42% ━━━━━─────── 25/59 8.3s/it 3:41<4:43[K      14/50         0G      2.061      1.309      0.802         13       1280: 44% ━━━━━─────── 26/59 8.3s/it 3:50<4:35[K      14/50         0G      2.069      1.317     0.8031         13       1280: 45% ━━━━━─────── 27/59 8.4s/it 3:58<4:30[K      14/50         0G      2.061      1.315     0.8047          9       1280: 47% ━━━━━╸────── 28/59 8.4s/it 4:07<4:21[K      14/50         0G      2.049      1.301     0.8028         11       1280: 49% ━━━━━╸────── 29/59 8.4s/it 4:15<4:13[K      14/50         0G      2.043       1.29     0.8016         18       1280: 50% ━━━━━━────── 30/59 8.4s/it 4:24<4:05[K      14/50         0G      2.047      1.298      0.801         14       1280: 52% ━━━━━━────── 31/59 8.4s/it 4:32<3:54[K      14/50         0G      2.063      1.324     0.8026          8       1280: 54% ━━━━━━╸───── 32/59 8.3s/it 4:40<3:45[K      14/50         0G      2.051      1.319      0.803         10       1280: 55% ━━━━━━╸───── 33/59 8.4s/it 4:49<3:38[K      14/50         0G      2.046      1.311     0.7988          9       1280: 57% ━━━━━━╸───── 34/59 8.2s/it 4:56<3:26[K      14/50         0G      2.041       1.31     0.7983         13       1280: 59% ━━━━━━━───── 35/59 8.4s/it 5:05<3:20[K      14/50         0G       2.03      1.305     0.7974         11       1280: 61% ━━━━━━━───── 36/59 8.3s/it 5:13<3:12[K      14/50         0G      2.027      1.303     0.7937         14       1280: 62% ━━━━━━━╸──── 37/59 8.5s/it 5:22<3:06[K      14/50         0G      2.033      1.293     0.7937         11       1280: 64% ━━━━━━━╸──── 38/59 8.4s/it 5:30<2:57[K      14/50         0G       2.03      1.281     0.7931         11       1280: 66% ━━━━━━━╸──── 39/59 8.4s/it 5:39<2:48[K      14/50         0G      2.036      1.277     0.7941         10       1280: 67% ━━━━━━━━──── 40/59 8.3s/it 5:47<2:38[K      14/50         0G      2.024      1.274     0.7941         12       1280: 69% ━━━━━━━━──── 41/59 8.4s/it 5:55<2:30[K      14/50         0G      2.019      1.264      0.793          9       1280: 71% ━━━━━━━━╸─── 42/59 8.4s/it 6:04<2:22[K      14/50         0G      2.024      1.269     0.7948          8       1280: 72% ━━━━━━━━╸─── 43/59 8.4s/it 6:12<2:14[K      14/50         0G      2.024      1.275     0.7926         18       1280: 74% ━━━━━━━━╸─── 44/59 8.4s/it 6:21<2:06[K      14/50         0G      2.024      1.266     0.7908         13       1280: 76% ━━━━━━━━━─── 45/59 8.4s/it 6:29<1:58[K      14/50         0G      2.043      1.276     0.7907         11       1280: 77% ━━━━━━━━━─── 46/59 8.5s/it 6:38<1:50[K      14/50         0G      2.043      1.273     0.7916         14       1280: 79% ━━━━━━━━━╸── 47/59 8.4s/it 6:46<1:41[K      14/50         0G      2.039      1.263     0.7889          6       1280: 81% ━━━━━━━━━╸── 48/59 8.4s/it 6:54<1:32[K      14/50         0G      2.047      1.266     0.7896         11       1280: 83% ━━━━━━━━━╸── 49/59 8.4s/it 7:03<1:24[K      14/50         0G      2.057      1.264      0.789          9       1280: 84% ━━━━━━━━━━── 50/59 8.4s/it 7:11<1:15[K      14/50         0G      2.052      1.256     0.7883         11       1280: 86% ━━━━━━━━━━── 51/59 8.4s/it 7:19<1:07[K      14/50         0G      2.045      1.249     0.7872          9       1280: 88% ━━━━━━━━━━╸─ 52/59 8.4s/it 7:28<58.5s[K      14/50         0G      2.046      1.252     0.7896          9       1280: 89% ━━━━━━━━━━╸─ 53/59 8.4s/it 7:36<50.2s[K      14/50         0G      2.039      1.248     0.7904         12       1280: 91% ━━━━━━━━━━╸─ 54/59 8.4s/it 7:45<42.1s[K      14/50         0G      2.042      1.244     0.7886         11       1280: 93% ━━━━━━━━━━━─ 55/59 8.4s/it 7:53<33.5s[K      14/50         0G      2.045      1.242      0.789         12       1280: 94% ━━━━━━━━━━━─ 56/59 8.4s/it 8:01<25.1s[K      14/50         0G      2.043      1.236     0.7888         11       1280: 96% ━━━━━━━━━━━╸ 57/59 8.4s/it 8:10<16.7s[K      14/50         0G      2.049      1.239     0.7876         12       1280: 98% ━━━━━━━━━━━╸ 58/59 8.3s/it 8:18<8.3s[K      14/50         0G      2.049      1.239     0.7876         12       1280: 100% ━━━━━━━━━━━━ 59/59 8.4s/it 8:18
[K                 Class     Images  Instances      Box(P          R      mAP50  mAP50-95): 11% ━─────────── 1/9 20.8s/it 6.2s<2:47[K                 Class     Images  Instances      Box(P          R      mAP50  mAP50-95): 22% ━━╸───────── 2/9 12.1s/it 12.4s<1:25[K                 Class     Images  Instances      Box(P          R      mAP50  mAP50-95): 33% ━━━━──────── 3/9 9.4s/it 18.6s<56.5s[K                 Class     Images  Instances      Box(P          R      mAP50  mAP50-95): 44% ━━━━━─────── 4/9 8.2s/it 24.8s<40.8s[K                 Class     Images  Instances      Box(P          R      mAP50  mAP50-95): 55% ━━━━━━╸───── 5/9 7.5s/it 31.0s<29.8s[K                 Class     Images  Instances      Box(P          R      mAP50  mAP50-95): 66% ━━━━━━━━──── 6/9 7.0s/it 37.2s<21.1s[K                 Class     Images  Instances      Box(P          R      mAP50  mAP50-95): 77% ━━━━━━━━━─── 7/9 6.8s/it 43.4s<13.5s[K                 Class     Images  Instances      Box(P          R      mAP50  mAP50-95): 88% ━━━━━━━━━━╸─ 8/9 6.6s/it 49.6s<6.6s[K                 Class     Images  Instances      Box(P          R      mAP50  mAP50-95): 100% ━━━━━━━━━━━━ 9/9 5.7s/it 51.4s
                   all        139        109      0.912      0.771      0.805      0.394

      Epoch    GPU_mem   box_loss   cls_loss   dfl_loss  Instances       Size
[K      15/50         0G      1.794      1.089     0.7756         12       1280: 0% ──────────── 0/59  9.2s[K      15/50         0G      2.124      1.368      0.789         16       1280: 1% ──────────── 1/59 29.5s/it 18.1s<28:33[K      15/50         0G      1.982      1.212     0.7935          8       1280: 3% ──────────── 2/59 17.2s/it 26.8s<16:19[K      15/50         0G      1.945      1.196     0.7547         12       1280: 5% ╸─────────── 3/59 13.2s/it 35.4s<12:20[K      15/50         0G      1.903      1.124     0.7578         12       1280: 6% ╸─────────── 4/59 11.3s/it 43.9s<10:23[K      15/50         0G      1.886      1.091     0.7522         13       1280: 8% ━─────────── 5/59 10.4s/it 52.7s<9:24[K      15/50         0G      1.895        1.1     0.7666          9       1280: 10% ━─────────── 6/59 9.8s/it 1:01<8:37[K      15/50         0G      1.911      1.096     0.7444          7       1280: 11% ━─────────── 7/59 9.3s/it 1:10<8:05[K      15/50         0G      1.936      1.057     0.7516          9       1280: 13% ━╸────────── 8/59 9.0s/it 1:18<7:41[K      15/50         0G      1.914      1.037     0.7519         13       1280: 15% ━╸────────── 9/59 9.0s/it 1:27<7:30[K      15/50         0G      1.936      1.024     0.7527         16       1280: 16% ━━────────── 10/59 9.0s/it 1:36<7:20[K      15/50         0G       1.92      1.006     0.7515         12       1280: 18% ━━────────── 11/59 9.0s/it 1:45<7:12[K      15/50         0G      1.899     0.9918     0.7569         12       1280: 20% ━━────────── 12/59 8.7s/it 1:53<6:51[K      15/50         0G      1.908     0.9904     0.7561         17       1280: 22% ━━╸───────── 13/59 8.7s/it 2:02<6:39[K      15/50         0G      1.925      1.001     0.7564         15       1280: 23% ━━╸───────── 14/59 8.6s/it 2:10<6:26[K      15/50         0G       1.93      1.019     0.7601         10       1280: 25% ━━━───────── 15/59 8.7s/it 2:19<6:23[K      15/50         0G      1.943      1.028     0.7608          6       1280: 27% ━━━───────── 16/59 8.6s/it 2:27<6:11[K      15/50         0G      1.955      1.029     0.7604         13       1280: 28% ━━━───────── 17/59 8.6s/it 2:36<6:01[K      15/50         0G      1.941      1.015     0.7627         18       1280: 30% ━━━╸──────── 18/59 8.6s/it 2:44<5:51[K      15/50         0G      1.927      1.013     0.7626         15       1280: 32% ━━━╸──────── 19/59 8.6s/it 2:53<5:45[K      15/50         0G      1.922      1.008     0.7631         14       1280: 33% ━━━━──────── 20/59 8.5s/it 3:02<5:33[K      15/50         0G      1.933      1.006     0.7669         13       1280: 35% ━━━━──────── 21/59 8.5s/it 3:10<5:23[K      15/50         0G      1.942      1.006     0.7714         16       1280: 37% ━━━━──────── 22/59 8.4s/it 3:18<5:11[K      15/50         0G      1.955      1.008     0.7759         12       1280: 38% ━━━━╸─────── 23/59 8.4s/it 3:27<5:02[K      15/50         0G      1.966      1.024     0.7832         13       1280: 40% ━━━━╸─────── 24/59 8.4s/it 3:35<4:55[K      15/50         0G      1.951       1.02     0.7795          6       1280: 42% ━━━━━─────── 25/59 8.4s/it 3:44<4:47[K      15/50         0G      1.939      1.034     0.7811          6       1280: 44% ━━━━━─────── 26/59 8.4s/it 3:52<4:38[K      15/50         0G       1.95      1.048     0.7814         14       1280: 45% ━━━━━─────── 27/59 8.4s/it 4:00<4:29[K      15/50         0G      1.965      1.066     0.7787         12       1280: 47% ━━━━━╸────── 28/59 8.4s/it 4:09<4:20[K      15/50         0G      1.973      1.073     0.7822          9       1280: 49% ━━━━━╸────── 29/59 8.4s/it 4:17<4:13[K      15/50         0G      1.995      1.084     0.7994         10       1280: 50% ━━━━━━────── 30/59 8.4s/it 4:26<4:05[K      15/50         0G      1.987      1.083     0.7982         11       1280: 52% ━━━━━━────── 31/59 8.5s/it 4:34<3:59[K      15/50         0G      1.993      1.093     0.7995         12       1280: 54% ━━━━━━╸───── 32/59 8.5s/it 4:43<3:49[K      15/50         0G      1.985      1.104     0.7963         15       1280: 55% ━━━━━━╸───── 33/59 8.4s/it 4:51<3:39[K      15/50         0G      1.997      1.113     0.7958         13       1280: 57% ━━━━━━╸───── 34/59 8.4s/it 4:60<3:31[K      15/50         0G      1.996      1.109     0.7979          8       1280: 59% ━━━━━━━───── 35/59 8.4s/it 5:08<3:23[K      15/50         0G      1.996      1.108     0.7985          9       1280: 61% ━━━━━━━───── 36/59 8.4s/it 5:16<3:13[K      15/50         0G      1.981        1.1     0.7985          8       1280: 62% ━━━━━━━╸──── 37/59 8.4s/it 5:25<3:05[K      15/50         0G      1.985      1.104     0.8003         18       1280: 64% ━━━━━━━╸──── 38/59 8.4s/it 5:33<2:57[K      15/50         0G      1.982      1.097     0.8014         11       1280: 66% ━━━━━━━╸──── 39/59 8.5s/it 5:42<2:51[K      15/50         0G      1.989      1.095     0.8018         14       1280: 67% ━━━━━━━━──── 40/59 8.5s/it 5:50<2:41[K      15/50         0G      1.982      1.089        0.8         15       1280: 69% ━━━━━━━━──── 41/59 8.5s/it 5:59<2:32[K      15/50         0G      1.991      1.093     0.7979         10       1280: 71% ━━━━━━━━╸─── 42/59 8.4s/it 6:07<2:23[K      15/50         0G      1.993      1.089     0.7972         11       1280: 72% ━━━━━━━━╸─── 43/59 8.4s/it 6:15<2:14[K      15/50         0G      1.992      1.091     0.7955         11       1280: 74% ━━━━━━━━╸─── 44/59 8.4s/it 6:24<2:06[K      15/50         0G      1.997      1.096     0.7941         16       1280: 76% ━━━━━━━━━─── 45/59 8.6s/it 6:33<1:60[K      15/50         0G      2.011      1.094      0.794         11       1280: 77% ━━━━━━━━━─── 46/59 8.5s/it 6:41<1:51[K      15/50         0G      2.013       1.09     0.7934         13       1280: 79% ━━━━━━━━━╸── 47/59 8.4s/it 6:49<1:41[K      15/50         0G      2.029      1.093     0.7928         17       1280: 81% ━━━━━━━━━╸── 48/59 8.4s/it 6:58<1:32[K      15/50         0G      2.023      1.089     0.7921         10       1280: 83% ━━━━━━━━━╸── 49/59 8.4s/it 7:06<1:24[K      15/50         0G      2.032       1.09     0.7919         15       1280: 84% ━━━━━━━━━━── 50/59 8.6s/it 7:15<1:17[K      15/50         0G       2.04      1.093     0.7919         10       1280: 86% ━━━━━━━━━━── 51/59 8.8s/it 7:25<1:11[K      15/50         0G      2.044      1.093     0.7908         16       1280: 88% ━━━━━━━━━━╸─ 52/59 8.8s/it 7:33<1:02[K      15/50         0G      2.042      1.096     0.7905          8       1280: 89% ━━━━━━━━━━╸─ 53/59 8.9s/it 7:42<53.2s[K      15/50         0G      2.033      1.093     0.7902         10       1280: 91% ━━━━━━━━━━╸─ 54/59 8.7s/it 7:51<43.7s[K      15/50         0G      2.036      1.096     0.7914         16       1280: 93% ━━━━━━━━━━━─ 55/59 8.7s/it 7:59<34.8s[K      15/50         0G      2.035      1.095     0.7911          9       1280: 94% ━━━━━━━━━━━─ 56/59 8.6s/it 8:08<25.9s[K      15/50         0G       2.04      1.098     0.7917         10       1280: 96% ━━━━━━━━━━━╸ 57/59 8.5s/it 8:16<17.0s[K      15/50         0G      2.043      1.101     0.7925         13       1280: 98% ━━━━━━━━━━━╸ 58/59 8.5s/it 8:25<8.5s[K      15/50         0G      2.043      1.101     0.7925         13       1280: 100% ━━━━━━━━━━━━ 59/59 8.6s/it 8:25
[K                 Class     Images  Instances      Box(P          R      mAP50  mAP50-95): 11% ━─────────── 1/9 20.8s/it 6.2s<2:46[K                 Class     Images  Instances      Box(P          R      mAP50  mAP50-95): 22% ━━╸───────── 2/9 12.1s/it 12.4s<1:25[K                 Class     Images  Instances      Box(P          R      mAP50  mAP50-95): 33% ━━━━──────── 3/9 9.4s/it 18.6s<56.6s[K                 Class     Images  Instances      Box(P          R      mAP50  mAP50-95): 44% ━━━━━─────── 4/9 8.2s/it 24.8s<40.8s[K                 Class     Images  Instances      Box(P          R      mAP50  mAP50-95): 55% ━━━━━━╸───── 5/9 7.5s/it 31.0s<29.8s[K                 Class     Images  Instances      Box(P          R      mAP50  mAP50-95): 66% ━━━━━━━━──── 6/9 7.0s/it 37.2s<21.1s[K                 Class     Images  Instances      Box(P          R      mAP50  mAP50-95): 77% ━━━━━━━━━─── 7/9 6.8s/it 43.4s<13.5s[K                 Class     Images  Instances      Box(P          R      mAP50  mAP50-95): 88% ━━━━━━━━━━╸─ 8/9 6.6s/it 49.6s<6.6s[K                 Class     Images  Instances      Box(P          R      mAP50  mAP50-95): 100% ━━━━━━━━━━━━ 9/9 5.7s/it 51.4s
                   all        139        109      0.844      0.742      0.738      0.375

      Epoch    GPU_mem   box_loss   cls_loss   dfl_loss  Instances       Size
[K      16/50         0G      1.592     0.7478     0.8188         13       1280: 0% ──────────── 0/59  9.5s[K      16/50         0G      1.592     0.9189     0.8142          9       1280: 1% ──────────── 1/59 29.5s/it 18.3s<28:31[K      16/50         0G      1.824     0.9586     0.8407          8       1280: 3% ──────────── 2/59 16.7s/it 26.7s<15:54[K      16/50         0G      1.818     0.9061     0.8019         11       1280: 5% ╸─────────── 3/59 12.9s/it 35.0s<12:01[K      16/50         0G      1.798      1.007      0.795         10       1280: 6% ╸─────────── 4/59 10.9s/it 43.1s<10:00[K      16/50         0G      1.843      1.118     0.8047         12       1280: 8% ━─────────── 5/59 10.0s/it 51.5s<9:01[K      16/50         0G       1.85      1.129     0.8022         11       1280: 10% ━─────────── 6/59 9.5s/it 59.9s<8:21[K      16/50         0G      1.889      1.127     0.7965         15       1280: 11% ━─────────── 7/59 9.2s/it 1:09<8:01[K      16/50         0G      1.865      1.147     0.7922          8       1280: 13% ━╸────────── 8/59 9.1s/it 1:18<7:47[K      16/50         0G      1.915      1.118     0.8003          7       1280: 15% ━╸────────── 9/59 9.1s/it 1:26<7:33[K      16/50         0G      1.955      1.106     0.7859         11       1280: 16% ━━────────── 10/59 8.9s/it 1:35<7:17[K      16/50         0G      1.916      1.083     0.7813          8       1280: 18% ━━────────── 11/59 9.0s/it 1:44<7:10[K      16/50         0G      1.926      1.112     0.7796         17       1280: 20% ━━────────── 12/59 8.8s/it 1:52<6:52[K      16/50         0G      1.938      1.113     0.7908          9       1280: 22% ━━╸───────── 13/59 8.7s/it 2:01<6:38[K      16/50         0G      1.976      1.124     0.7879         15       1280: 23% ━━╸───────── 14/59 8.5s/it 2:09<6:23[K      16/50         0G      1.967      1.109     0.7861         11       1280: 25% ━━━───────── 15/59 8.6s/it 2:18<6:20[K      16/50         0G      1.973      1.101     0.7851         10       1280: 27% ━━━───────── 16/59 8.5s/it 2:26<6:06[K      16/50         0G      1.961      1.093     0.7795         14       1280: 28% ━━━───────── 17/59 8.5s/it 2:35<5:55[K      16/50         0G       1.95      1.093     0.7808         11       1280: 30% ━━━╸──────── 18/59 8.4s/it 2:43<5:46[K      16/50         0G      1.922      1.089     0.7807          7       1280: 32% ━━━╸──────── 19/59 8.6s/it 2:52<5:44[K      16/50         0G      1.922       1.08     0.7846         11       1280: 33% ━━━━──────── 20/59 8.5s/it 3:00<5:32[K      16/50         0G      1.913      1.066     0.7863          7       1280: 35% ━━━━──────── 21/59 8.5s/it 3:09<5:23[K      16/50         0G      1.896      1.056     0.7858         13       1280: 37% ━━━━──────── 22/59 8.6s/it 3:18<5:19[K      16/50         0G      1.912       1.06     0.7805         12       1280: 38% ━━━━╸─────── 23/59 8.6s/it 3:26<5:10[K      16/50         0G      1.918      1.053     0.7783         13       1280: 40% ━━━━╸─────── 24/59 8.6s/it 3:35<5:01[K      16/50         0G      1.904       1.06     0.7734          8       1280: 42% ━━━━━─────── 25/59 8.7s/it 3:44<4:56[K      16/50         0G      1.885      1.049     0.7756         10       1280: 44% ━━━━━─────── 26/59 8.7s/it 3:52<4:46[K      16/50         0G      1.899      1.052     0.7729         11       1280: 45% ━━━━━─────── 27/59 8.7s/it 4:01<4:40[K      16/50         0G      1.894      1.042     0.7718          7       1280: 47% ━━━━━╸────── 28/59 8.6s/it 4:10<4:27[K      16/50         0G      1.903      1.037     0.7727         15       1280: 49% ━━━━━╸────── 29/59 8.7s/it 4:19<4:22[K      16/50         0G      1.909      1.035       0.77         13       1280: 50% ━━━━━━────── 30/59 8.6s/it 4:27<4:09[K      16/50         0G      1.913      1.031      0.767          8       1280: 52% ━━━━━━────── 31/59 8.5s/it 4:35<3:58[K      16/50         0G      1.922      1.028      0.764         10       1280: 54% ━━━━━━╸───── 32/59 8.6s/it 4:44<3:51[K      16/50         0G      1.926      1.024     0.7653          9       1280: 55% ━━━━━━╸───── 33/59 8.6s/it 4:53<3:45[K      16/50         0G      1.908      1.017     0.7637          6       1280: 57% ━━━━━━╸───── 34/59 8.6s/it 5:01<3:34[K      16/50         0G      1.913      1.018     0.7637         12       1280: 59% ━━━━━━━───── 35/59 8.5s/it 5:10<3:25[K      16/50         0G      1.906      1.028     0.7629          9       1280: 61% ━━━━━━━───── 36/59 8.5s/it 5:18<3:17[K      16/50         0G      1.907      1.025     0.7623         12       1280: 62% ━━━━━━━╸──── 37/59 8.6s/it 5:27<3:09[K      16/50         0G      1.914       1.02      0.762         11       1280: 64% ━━━━━━━╸──── 38/59 8.5s/it 5:35<2:59[K      16/50         0G      1.923      1.019      0.764         14       1280: 66% ━━━━━━━╸──── 39/59 8.6s/it 5:44<2:51[K      16/50         0G      1.933      1.014      0.765         15       1280: 67% ━━━━━━━━──── 40/59 8.4s/it 5:52<2:41[K      16/50         0G      1.941      1.013     0.7647         13       1280: 69% ━━━━━━━━──── 41/59 8.5s/it 6:01<2:32[K      16/50         0G      1.951      1.019     0.7674         16       1280: 71% ━━━━━━━━╸─── 42/59 8.4s/it 6:09<2:23[K      16/50         0G      1.946      1.013      0.768         14       1280: 72% ━━━━━━━━╸─── 43/59 8.6s/it 6:18<2:17[K      16/50         0G      1.957      1.019     0.7703         14       1280: 74% ━━━━━━━━╸─── 44/59 8.5s/it 6:26<2:08[K      16/50         0G      1.962      1.015     0.7722         15       1280: 76% ━━━━━━━━━─── 45/59 8.5s/it 6:35<1:59[K      16/50         0G      1.959      1.015     0.7717         10       1280: 77% ━━━━━━━━━─── 46/59 8.4s/it 6:43<1:49[K      16/50         0G      1.966      1.018     0.7716         14       1280: 79% ━━━━━━━━━╸── 47/59 8.5s/it 6:52<1:42[K      16/50         0G      1.967      1.018     0.7747          9       1280: 81% ━━━━━━━━━╸── 48/59 8.5s/it 7:00<1:34[K      16/50         0G      1.969      1.031     0.7759          8       1280: 83% ━━━━━━━━━╸── 49/59 8.5s/it 7:09<1:25[K      16/50         0G      1.969      1.035     0.7769         16       1280: 84% ━━━━━━━━━━── 50/59 8.6s/it 7:18<1:18[K      16/50         0G      1.971      1.039     0.7804          8       1280: 86% ━━━━━━━━━━── 51/59 8.6s/it 7:26<1:09[K      16/50         0G      1.969      1.046     0.7812         11       1280: 88% ━━━━━━━━━━╸─ 52/59 8.6s/it 7:35<1:00[K      16/50         0G      1.968      1.041     0.7828          9       1280: 89% ━━━━━━━━━━╸─ 53/59 8.7s/it 7:44<52.3s[K      16/50         0G      1.961      1.039     0.7825          6       1280: 91% ━━━━━━━━━━╸─ 54/59 8.8s/it 7:53<43.9s[K      16/50         0G      1.961      1.034     0.7815         10       1280: 93% ━━━━━━━━━━━─ 55/59 8.7s/it 8:01<34.7s[K      16/50         0G      1.958      1.034     0.7819         15       1280: 94% ━━━━━━━━━━━─ 56/59 8.6s/it 8:10<25.8s[K      16/50         0G      1.957      1.034     0.7812         18       1280: 96% ━━━━━━━━━━━╸ 57/59 8.7s/it 8:19<17.4s[K      16/50         0G      1.949      1.041      0.781          6       1280: 98% ━━━━━━━━━━━╸ 58/59 8.6s/it 8:27<8.6s[K      16/50         0G      1.949      1.041      0.781          6       1280: 100% ━━━━━━━━━━━━ 59/59 8.6s/it 8:27
[K                 Class     Images  Instances      Box(P          R      mAP50  mAP50-95): 11% ━─────────── 1/9 20.8s/it 6.2s<2:46[K                 Class     Images  Instances      Box(P          R      mAP50  mAP50-95): 22% ━━╸───────── 2/9 12.1s/it 12.4s<1:25[K                 Class     Images  Instances      Box(P          R      mAP50  mAP50-95): 33% ━━━━──────── 3/9 9.4s/it 18.6s<56.5s[K                 Class     Images  Instances      Box(P          R      mAP50  mAP50-95): 44% ━━━━━─────── 4/9 8.2s/it 24.8s<40.8s[K                 Class     Images  Instances      Box(P          R      mAP50  mAP50-95): 55% ━━━━━━╸───── 5/9 7.4s/it 31.0s<29.8s[K                 Class     Images  Instances      Box(P          R      mAP50  mAP50-95): 66% ━━━━━━━━──── 6/9 7.0s/it 37.2s<21.1s[K                 Class     Images  Instances      Box(P          R      mAP50  mAP50-95): 77% ━━━━━━━━━─── 7/9 6.8s/it 43.4s<13.5s[K                 Class     Images  Instances      Box(P          R      mAP50  mAP50-95): 88% ━━━━━━━━━━╸─ 8/9 6.6s/it 49.6s<6.6s[K                 Class     Images  Instances      Box(P          R      mAP50  mAP50-95): 100% ━━━━━━━━━━━━ 9/9 5.7s/it 51.3s
                   all        139        109      0.921      0.734      0.785      0.368

      Epoch    GPU_mem   box_loss   cls_loss   dfl_loss  Instances       Size
[K      17/50         0G      2.518     0.9726     0.8963         11       1280: 0% ──────────── 0/59  9.6s[K      17/50         0G       2.32      0.984      0.849         10       1280: 1% ──────────── 1/59 30.1s/it 18.6s<29:07[K      17/50         0G      2.153     0.9805     0.8297         13       1280: 3% ──────────── 2/59 17.4s/it 27.3s<16:29[K      17/50         0G      2.143      1.017     0.7988         12       1280: 5% ╸─────────── 3/59 13.2s/it 35.8s<12:18[K      17/50         0G      2.118     0.9824     0.7962         16       1280: 6% ╸─────────── 4/59 11.3s/it 44.3s<10:23[K      17/50         0G      2.069     0.9562     0.7978         14       1280: 8% ━─────────── 5/59 10.2s/it 52.6s<9:12[K      17/50         0G      2.086     0.9561     0.7897         17       1280: 10% ━─────────── 6/59 9.6s/it 1:01<8:28[K      17/50         0G      2.042     0.9261     0.7772         13       1280: 11% ━─────────── 7/59 9.2s/it 1:09<7:59[K      17/50         0G      2.047     0.9365     0.7721         12       1280: 13% ━╸────────── 8/59 8.9s/it 1:18<7:34[K      17/50         0G      2.061      0.966     0.7736         19       1280: 15% ━╸────────── 9/59 8.7s/it 1:26<7:15[K      17/50         0G      2.058     0.9698     0.7792         11       1280: 16% ━━────────── 10/59 8.6s/it 1:34<6:60[K      17/50         0G      2.013     0.9759     0.7769         11       1280: 18% ━━────────── 11/59 8.6s/it 1:43<6:53[K      17/50         0G      1.986     0.9721     0.7774         14       1280: 20% ━━────────── 12/59 8.6s/it 1:51<6:42[K      17/50         0G      2.012     0.9859     0.7753         14       1280: 22% ━━╸───────── 13/59 8.6s/it 2:00<6:37[K      17/50         0G      2.007     0.9985      0.775         13       1280: 23% ━━╸───────── 14/59 8.5s/it 2:08<6:23[K      17/50         0G      1.981     0.9899     0.7727         16       1280: 25% ━━━───────── 15/59 8.4s/it 2:17<6:12[K      17/50         0G       1.98     0.9983     0.7743         11       1280: 27% ━━━───────── 16/59 8.5s/it 2:25<6:04[K      17/50         0G      1.966     0.9887     0.7808          7       1280: 28% ━━━───────── 17/59 8.4s/it 2:34<5:54[K      17/50         0G      1.944     0.9815     0.7776          9       1280: 30% ━━━╸──────── 18/59 8.4s/it 2:42<5:45[K      17/50         0G      1.941     0.9859     0.7745         12       1280: 32% ━━━╸──────── 19/59 8.4s/it 2:50<5:37[K      17/50         0G      1.942      1.005     0.7731          8       1280: 33% ━━━━──────── 20/59 8.6s/it 2:59<5:34[K      17/50         0G      1.946      1.001     0.7743         14       1280: 35% ━━━━──────── 21/59 8.4s/it 3:07<5:21[K      17/50         0G      1.958      1.005     0.7764         17       1280: 37% ━━━━──────── 22/59 8.4s/it 3:16<5:12[K      17/50         0G      1.945      1.003      0.776          6       1280: 38% ━━━━╸─────── 23/59 8.4s/it 3:24<5:01[K      17/50         0G       1.95      1.007      0.774         10       1280: 40% ━━━━╸─────── 24/59 8.4s/it 3:32<4:52[K      17/50         0G      1.949      1.006     0.7702         12       1280: 42% ━━━━━─────── 25/59 8.4s/it 3:41<4:45[K      17/50         0G      1.943      1.002     0.7695         13       1280: 44% ━━━━━─────── 26/59 8.4s/it 3:49<4:36[K      17/50         0G      1.937          1     0.7696         11       1280: 45% ━━━━━─────── 27/59 8.6s/it 3:58<4:36[K      17/50         0G       1.94     0.9961     0.7711         12       1280: 47% ━━━━━╸────── 28/59 8.5s/it 4:07<4:24[K      17/50         0G      1.952     0.9941     0.7728         15       1280: 49% ━━━━━╸────── 29/59 8.5s/it 4:15<4:14[K      17/50         0G      1.949     0.9925     0.7711         13       1280: 50% ━━━━━━────── 30/59 8.5s/it 4:24<4:06[K      17/50         0G      1.946     0.9935     0.7711         13       1280: 52% ━━━━━━────── 31/59 8.5s/it 4:32<3:57[K      17/50         0G      1.948      0.995     0.7695         14       1280: 54% ━━━━━━╸───── 32/59 8.4s/it 4:40<3:47[K      17/50         0G      1.969      1.009     0.7757          9       1280: 55% ━━━━━━╸───── 33/59 8.4s/it 4:49<3:38[K      17/50         0G      1.964      1.045     0.7761          9       1280: 57% ━━━━━━╸───── 34/59 8.4s/it 4:57<3:29[K      17/50         0G      1.968      1.043     0.7763         13       1280: 59% ━━━━━━━───── 35/59 8.4s/it 5:05<3:21[K      17/50         0G      1.965      1.041     0.7767         12       1280: 61% ━━━━━━━───── 36/59 8.4s/it 5:14<3:13[K      17/50         0G      1.949      1.035     0.7742          8       1280: 62% ━━━━━━━╸──── 37/59 8.4s/it 5:22<3:04[K      17/50         0G      1.948      1.039     0.7737         11       1280: 64% ━━━━━━━╸──── 38/59 8.4s/it 5:31<2:56[K      17/50         0G      1.944      1.062     0.7761          8       1280: 66% ━━━━━━━╸──── 39/59 8.5s/it 5:39<2:49[K      17/50         0G      1.942      1.067     0.7786         10       1280: 67% ━━━━━━━━──── 40/59 8.4s/it 5:48<2:40[K      17/50         0G      1.933      1.061     0.7777          7       1280: 69% ━━━━━━━━──── 41/59 8.6s/it 5:57<2:35[K      17/50         0G      1.928      1.055     0.7777          6       1280: 71% ━━━━━━━━╸─── 42/59 8.6s/it 6:05<2:25[K      17/50         0G      1.925      1.054     0.7777         11       1280: 72% ━━━━━━━━╸─── 43/59 8.5s/it 6:14<2:16[K      17/50         0G      1.924      1.058     0.7803          9       1280: 74% ━━━━━━━━╸─── 44/59 8.4s/it 6:22<2:06[K      17/50         0G      1.932      1.071     0.7812          8       1280: 76% ━━━━━━━━━─── 45/59 8.4s/it 6:30<1:58[K      17/50         0G      1.926      1.073      0.782          9       1280: 77% ━━━━━━━━━─── 46/59 8.4s/it 6:38<1:49[K      17/50         0G      1.928      1.084     0.7824          8       1280: 79% ━━━━━━━━━╸── 47/59 8.3s/it 6:47<1:40[K      17/50         0G       1.92      1.077     0.7838          9       1280: 81% ━━━━━━━━━╸── 48/59 8.4s/it 6:55<1:32[K      17/50         0G      1.913      1.069     0.7816         10       1280: 83% ━━━━━━━━━╸── 49/59 8.4s/it 7:04<1:24[K      17/50         0G      1.914      1.076     0.7792          4       1280: 84% ━━━━━━━━━━── 50/59 8.4s/it 7:12<1:15[K      17/50         0G      1.923      1.093     0.7806          8       1280: 86% ━━━━━━━━━━── 51/59 8.4s/it 7:20<1:07[K      17/50         0G      1.921      1.093     0.7812          9       1280: 88% ━━━━━━━━━━╸─ 52/59 8.4s/it 7:29<58.7s[K      17/50         0G      1.915       1.09     0.7792         12       1280: 89% ━━━━━━━━━━╸─ 53/59 8.4s/it 7:37<50.2s[K      17/50         0G      1.915      1.088     0.7773          9       1280: 91% ━━━━━━━━━━╸─ 54/59 8.4s/it 7:45<41.9s[K      17/50         0G      1.917      1.099       0.78          7       1280: 93% ━━━━━━━━━━━─ 55/59 8.5s/it 7:54<33.8s[K      17/50         0G      1.915      1.097     0.7784         14       1280: 94% ━━━━━━━━━━━─ 56/59 8.4s/it 8:02<25.1s[K      17/50         0G      1.915      1.102     0.7785          9       1280: 96% ━━━━━━━━━━━╸ 57/59 8.4s/it 8:11<16.8s[K      17/50         0G      1.915      1.098     0.7763         13       1280: 98% ━━━━━━━━━━━╸ 58/59 8.5s/it 8:20<8.5s[K      17/50         0G      1.915      1.098     0.7763         13       1280: 100% ━━━━━━━━━━━━ 59/59 8.5s/it 8:20
[K                 Class     Images  Instances      Box(P          R      mAP50  mAP50-95): 11% ━─────────── 1/9 20.9s/it 6.3s<2:47[K                 Class     Images  Instances      Box(P          R      mAP50  mAP50-95): 22% ━━╸───────── 2/9 12.2s/it 12.4s<1:25[K                 Class     Images  Instances      Box(P          R      mAP50  mAP50-95): 33% ━━━━──────── 3/9 9.4s/it 18.6s<56.7s[K                 Class     Images  Instances      Box(P          R      mAP50  mAP50-95): 44% ━━━━━─────── 4/9 8.2s/it 24.9s<40.9s[K                 Class     Images  Instances      Box(P          R      mAP50  mAP50-95): 55% ━━━━━━╸───── 5/9 7.5s/it 31.0s<29.8s[K                 Class     Images  Instances      Box(P          R      mAP50  mAP50-95): 66% ━━━━━━━━──── 6/9 7.0s/it 37.2s<21.1s[K                 Class     Images  Instances      Box(P          R      mAP50  mAP50-95): 77% ━━━━━━━━━─── 7/9 6.8s/it 43.5s<13.5s[K                 Class     Images  Instances      Box(P          R      mAP50  mAP50-95): 88% ━━━━━━━━━━╸─ 8/9 6.6s/it 49.7s<6.6s[K                 Class     Images  Instances      Box(P          R      mAP50  mAP50-95): 100% ━━━━━━━━━━━━ 9/9 5.7s/it 51.4s
                   all        139        109      0.909      0.735      0.775      0.383

      Epoch    GPU_mem   box_loss   cls_loss   dfl_loss  Instances       Size
[K      18/50         0G      1.883     0.8284     0.8039         13       1280: 0% ──────────── 0/59  9.7s[K      18/50         0G      2.045      1.058     0.8575          8       1280: 1% ──────────── 1/59 29.9s/it 18.7s<28:56[K      18/50         0G       1.95      1.006     0.7964         11       1280: 3% ──────────── 2/59 16.9s/it 27.1s<16:06[K      18/50         0G      1.894      1.055     0.8216         10       1280: 5% ╸─────────── 3/59 13.3s/it 36.0s<12:26[K      18/50         0G       1.89      1.035     0.8025         15       1280: 6% ╸─────────── 4/59 11.6s/it 44.8s<10:37[K      18/50         0G      1.875      1.018     0.7934          9       1280: 8% ━─────────── 5/59 10.6s/it 53.7s<9:33[K      18/50         0G      1.974      1.008      0.804         14       1280: 10% ━─────────── 6/59 9.8s/it 1:02<8:41[K      18/50         0G       1.99      1.069     0.8085          9       1280: 11% ━─────────── 7/59 9.3s/it 1:10<8:05[K      18/50         0G      1.996      1.053     0.7979         18       1280: 13% ━╸────────── 8/59 9.0s/it 1:19<7:40[K      18/50         0G      1.937      1.028     0.7923         10       1280: 15% ━╸────────── 9/59 8.8s/it 1:27<7:22[K      18/50         0G      1.967      1.045     0.7775         14       1280: 16% ━━────────── 10/59 8.6s/it 1:35<7:03[K      18/50         0G      1.953      1.059     0.7715         13       1280: 18% ━━────────── 11/59 8.6s/it 1:44<6:52[K      18/50         0G      1.948      1.067     0.7684          9       1280: 20% ━━────────── 12/59 8.5s/it 1:52<6:41[K      18/50         0G      1.926       1.06     0.7564          6       1280: 22% ━━╸───────── 13/59 8.5s/it 2:01<6:31[K      18/50         0G      1.923      1.064     0.7551         16       1280: 23% ━━╸───────── 14/59 8.5s/it 2:09<6:21[K      18/50         0G       1.92      1.094     0.7605         12       1280: 25% ━━━───────── 15/59 8.4s/it 2:17<6:10[K      18/50         0G      1.922      1.109     0.7634         11       1280: 27% ━━━───────── 16/59 8.4s/it 2:26<5:60[K      18/50         0G      1.899      1.108     0.7558          5       1280: 28% ━━━───────── 17/59 8.5s/it 2:35<5:58[K      18/50         0G      1.891       1.11     0.7584         11       1280: 30% ━━━╸──────── 18/59 8.5s/it 2:43<5:48[K      18/50         0G      1.896      1.123     0.7596         14       1280: 32% ━━━╸──────── 19/59 8.6s/it 2:52<5:42[K      18/50         0G      1.882      1.155     0.7643         11       1280: 33% ━━━━──────── 20/59 8.5s/it 3:00<5:31[K      18/50         0G      1.893      1.147      0.767         10       1280: 35% ━━━━──────── 21/59 8.4s/it 3:08<5:20[K      18/50         0G      1.901      1.169     0.7691         11       1280: 37% ━━━━──────── 22/59 8.4s/it 3:17<5:10[K      18/50         0G       1.92      1.169     0.7658          8       1280: 38% ━━━━╸─────── 23/59 8.4s/it 3:25<5:04[K      18/50         0G      1.916      1.162     0.7646         13       1280: 40% ━━━━╸─────── 24/59 8.4s/it 3:34<4:54[K      18/50         0G      1.914      1.156     0.7679         12       1280: 42% ━━━━━─────── 25/59 8.4s/it 3:42<4:46[K      18/50         0G      1.923      1.147     0.7625         11       1280: 44% ━━━━━─────── 26/59 8.3s/it 3:50<4:35[K      18/50         0G      1.929      1.146     0.7648         13       1280: 45% ━━━━━─────── 27/59 8.4s/it 3:59<4:29[K      18/50         0G      1.946       1.14      0.763         14       1280: 47% ━━━━━╸────── 28/59 8.4s/it 4:07<4:20[K      18/50         0G      1.948      1.137     0.7603         17       1280: 49% ━━━━━╸────── 29/59 8.4s/it 4:16<4:13[K      18/50         0G      1.941      1.125      0.758         17       1280: 50% ━━━━━━────── 30/59 8.4s/it 4:24<4:04[K      18/50         0G      1.942      1.117     0.7593         12       1280: 52% ━━━━━━────── 31/59 8.5s/it 4:33<3:59[K      18/50         0G       1.96      1.117      0.759         11       1280: 54% ━━━━━━╸───── 32/59 8.5s/it 4:41<3:49[K      18/50         0G      1.947      1.112     0.7594          7       1280: 55% ━━━━━━╸───── 33/59 8.7s/it 4:50<3:45[K      18/50         0G      1.944       1.11     0.7582         16       1280: 57% ━━━━━━╸───── 34/59 8.6s/it 4:59<3:34[K      18/50         0G      1.945      1.111      0.756         12       1280: 59% ━━━━━━━───── 35/59 8.5s/it 5:07<3:24[K      18/50         0G      1.944      1.105     0.7541         17       1280: 61% ━━━━━━━───── 36/59 8.4s/it 5:15<3:14[K      18/50         0G      1.942      1.103     0.7525         12       1280: 62% ━━━━━━━╸──── 37/59 8.4s/it 5:24<3:05[K      18/50         0G       1.95      1.097      0.751         11       1280: 64% ━━━━━━━╸──── 38/59 8.3s/it 5:32<2:55[K      18/50         0G      1.948      1.091     0.7543          9       1280: 66% ━━━━━━━╸──── 39/59 8.5s/it 5:41<2:51[K      18/50         0G      1.951      1.088     0.7538         12       1280: 67% ━━━━━━━━──── 40/59 8.6s/it 5:49<2:43[K      18/50         0G      1.938      1.097     0.7539          8       1280: 69% ━━━━━━━━──── 41/59 8.7s/it 5:59<2:37[K      18/50         0G      1.934      1.087     0.7523         15       1280: 71% ━━━━━━━━╸─── 42/59 8.7s/it 6:07<2:27[K      18/50         0G      1.929      1.086     0.7532          7       1280: 72% ━━━━━━━━╸─── 43/59 8.6s/it 6:15<2:17[K      18/50         0G       1.93      1.081     0.7539         11       1280: 74% ━━━━━━━━╸─── 44/59 8.6s/it 6:24<2:08[K      18/50         0G      1.931      1.082     0.7552         11       1280: 76% ━━━━━━━━━─── 45/59 8.6s/it 6:33<1:60[K      18/50         0G      1.932      1.085     0.7548         11       1280: 77% ━━━━━━━━━─── 46/59 8.5s/it 6:41<1:50[K      18/50         0G       1.93       1.08     0.7531         12       1280: 79% ━━━━━━━━━╸── 47/59 8.6s/it 6:50<1:43[K      18/50         0G      1.935      1.077     0.7514         12       1280: 81% ━━━━━━━━━╸── 48/59 8.6s/it 6:58<1:34[K      18/50         0G      1.932      1.077     0.7528          5       1280: 83% ━━━━━━━━━╸── 49/59 8.7s/it 7:07<1:27[K      18/50         0G      1.935      1.091      0.753          7       1280: 84% ━━━━━━━━━━── 50/59 8.7s/it 7:16<1:18[K      18/50         0G      1.929      1.093     0.7522         12       1280: 86% ━━━━━━━━━━── 51/59 8.8s/it 7:25<1:10[K      18/50         0G      1.934      1.089     0.7545          5       1280: 88% ━━━━━━━━━━╸─ 52/59 8.6s/it 7:33<1:01[K      18/50         0G      1.936      1.094     0.7547         14       1280: 89% ━━━━━━━━━━╸─ 53/59 8.6s/it 7:42<51.6s[K      18/50         0G      1.935      1.094     0.7545          9       1280: 91% ━━━━━━━━━━╸─ 54/59 8.7s/it 7:51<43.6s[K      18/50         0G      1.942      1.094     0.7558         10       1280: 93% ━━━━━━━━━━━─ 55/59 8.8s/it 7:60<35.3s[K      18/50         0G       1.94      1.091     0.7566         11       1280: 94% ━━━━━━━━━━━─ 56/59 8.7s/it 8:08<26.0s[K      18/50         0G      1.941      1.089     0.7565         19       1280: 96% ━━━━━━━━━━━╸ 57/59 8.6s/it 8:17<17.2s[K      18/50         0G      1.953      1.101     0.7614          8       1280: 98% ━━━━━━━━━━━╸ 58/59 8.5s/it 8:25<8.5s[K      18/50         0G      1.953      1.101     0.7614          8       1280: 100% ━━━━━━━━━━━━ 59/59 8.6s/it 8:25
[K                 Class     Images  Instances      Box(P          R      mAP50  mAP50-95): 11% ━─────────── 1/9 20.8s/it 6.2s<2:46[K                 Class     Images  Instances      Box(P          R      mAP50  mAP50-95): 22% ━━╸───────── 2/9 12.2s/it 12.4s<1:25[K                 Class     Images  Instances      Box(P          R      mAP50  mAP50-95): 33% ━━━━──────── 3/9 9.4s/it 18.6s<56.7s[K                 Class     Images  Instances      Box(P          R      mAP50  mAP50-95): 44% ━━━━━─────── 4/9 8.2s/it 24.9s<40.9s[K                 Class     Images  Instances      Box(P          R      mAP50  mAP50-95): 55% ━━━━━━╸───── 5/9 7.5s/it 31.1s<29.9s[K                 Class     Images  Instances      Box(P          R      mAP50  mAP50-95): 66% ━━━━━━━━──── 6/9 7.0s/it 37.3s<21.1s[K                 Class     Images  Instances      Box(P          R      mAP50  mAP50-95): 77% ━━━━━━━━━─── 7/9 6.8s/it 43.5s<13.5s[K                 Class     Images  Instances      Box(P          R      mAP50  mAP50-95): 88% ━━━━━━━━━━╸─ 8/9 6.6s/it 49.7s<6.6s[K                 Class     Images  Instances      Box(P          R      mAP50  mAP50-95): 100% ━━━━━━━━━━━━ 9/9 5.7s/it 51.4s
                   all        139        109       0.86      0.761      0.797      0.388

      Epoch    GPU_mem   box_loss   cls_loss   dfl_loss  Instances       Size
[K      19/50         0G      1.627     0.9051     0.7804          9       1280: 0% ──────────── 0/59  9.5s[K      19/50         0G      1.915     0.9231     0.8053         12       1280: 1% ──────────── 1/59 29.9s/it 18.5s<28:53[K      19/50         0G      2.044     0.9594     0.7906          7       1280: 3% ──────────── 2/59 17.9s/it 27.7s<17:02[K      19/50         0G      2.027     0.9581     0.7622         12       1280: 5% ╸─────────── 3/59 13.7s/it 36.5s<12:45[K      19/50         0G      1.978     0.9319     0.7852         13       1280: 6% ╸─────────── 4/59 11.5s/it 44.9s<10:33[K      19/50         0G      2.037     0.9882     0.7741         13       1280: 8% ━─────────── 5/59 10.5s/it 53.7s<9:29[K      19/50         0G      2.068      1.019     0.7666         13       1280: 10% ━─────────── 6/59 9.8s/it 1:02<8:39[K      19/50         0G      2.022     0.9992     0.7556         11       1280: 11% ━─────────── 7/59 9.5s/it 1:11<8:15[K      19/50         0G      2.033      1.045     0.7444         16       1280: 13% ━╸────────── 8/59 9.1s/it 1:19<7:46[K      19/50         0G      2.028      1.022     0.7427         16       1280: 15% ━╸────────── 9/59 9.0s/it 1:28<7:28[K      19/50         0G      2.025      1.019     0.7418         12       1280: 16% ━━────────── 10/59 8.9s/it 1:37<7:18[K      19/50         0G      2.016      1.016     0.7522         11       1280: 18% ━━────────── 11/59 8.9s/it 1:46<7:08[K      19/50         0G      1.989     0.9917     0.7543         11       1280: 20% ━━────────── 12/59 8.8s/it 1:54<6:52[K      19/50         0G      1.973     0.9819     0.7506         17       1280: 22% ━━╸───────── 13/59 8.6s/it 2:03<6:38[K      19/50         0G      1.999      1.009      0.754         12       1280: 23% ━━╸───────── 14/59 8.6s/it 2:11<6:28[K      19/50         0G      1.985      1.004     0.7607          9       1280: 25% ━━━───────── 15/59 8.6s/it 2:20<6:17[K      19/50         0G      1.986      1.025     0.7569         12       1280: 27% ━━━───────── 16/59 8.5s/it 2:28<6:07[K      19/50         0G      1.987      1.018     0.7553          7       1280: 28% ━━━───────── 17/59 8.6s/it 2:37<6:02[K      19/50         0G      1.967       1.01     0.7585         14       1280: 30% ━━━╸──────── 18/59 8.7s/it 2:46<5:56[K      19/50         0G      1.962      1.006     0.7609          9       1280: 32% ━━━╸──────── 19/59 8.6s/it 2:54<5:46[K      19/50         0G      1.951     0.9945     0.7653          8       1280: 33% ━━━━──────── 20/59 8.6s/it 3:03<5:35[K      19/50         0G      1.945     0.9883     0.7665         14       1280: 35% ━━━━──────── 21/59 8.7s/it 3:12<5:30[K      19/50         0G      1.955     0.9779     0.7715         12       1280: 37% ━━━━──────── 22/59 8.6s/it 3:20<5:20[K      19/50         0G      1.943     0.9761     0.7747         11       1280: 38% ━━━━╸─────── 23/59 8.7s/it 3:29<5:14[K      19/50         0G       1.94     0.9744     0.7769          7       1280: 40% ━━━━╸─────── 24/59 8.6s/it 3:38<5:02[K      19/50         0G      1.925     0.9787     0.7779          9       1280: 42% ━━━━━─────── 25/59 8.8s/it 3:47<4:58[K      19/50         0G      1.916     0.9727      0.779         12       1280: 44% ━━━━━─────── 26/59 8.7s/it 3:55<4:46[K      19/50         0G      1.917     0.9761     0.7801          7       1280: 45% ━━━━━─────── 27/59 8.6s/it 4:03<4:34[K      19/50         0G       1.93      0.982     0.7788          9       1280: 47% ━━━━━╸────── 28/59 8.6s/it 4:12<4:26[K      19/50         0G      1.931     0.9862     0.7805         14       1280: 49% ━━━━━╸────── 29/59 8.5s/it 4:20<4:15[K      19/50         0G      1.929     0.9781     0.7791          8       1280: 50% ━━━━━━────── 30/59 8.6s/it 4:29<4:10[K      19/50         0G      1.938     0.9785     0.7796         12       1280: 52% ━━━━━━────── 31/59 8.8s/it 4:39<4:06[K      19/50         0G      1.942      0.979      0.779         14       1280: 54% ━━━━━━╸───── 32/59 8.6s/it 4:47<3:53[K      19/50         0G      1.937     0.9809     0.7807         14       1280: 55% ━━━━━━╸───── 33/59 8.6s/it 4:55<3:43[K      19/50         0G      1.934     0.9855      0.781         19       1280: 57% ━━━━━━╸───── 34/59 8.5s/it 5:04<3:33[K      19/50         0G      1.926     0.9815     0.7769          9       1280: 59% ━━━━━━━───── 35/59 8.5s/it 5:12<3:24[K      19/50         0G      1.929     0.9889     0.7792         15       1280: 61% ━━━━━━━───── 36/59 8.4s/it 5:20<3:14[K      19/50         0G      1.926     0.9834     0.7789         15       1280: 62% ━━━━━━━╸──── 37/59 8.6s/it 5:29<3:09[K      19/50         0G      1.922     0.9833     0.7776         13       1280: 64% ━━━━━━━╸──── 38/59 8.6s/it 5:38<3:01[K      19/50         0G      1.914     0.9799     0.7789          9       1280: 66% ━━━━━━━╸──── 39/59 8.7s/it 5:47<2:54[K      19/50         0G      1.919     0.9875     0.7793         13       1280: 67% ━━━━━━━━──── 40/59 8.5s/it 5:55<2:42[K      19/50         0G      1.914     0.9966     0.7783          9       1280: 69% ━━━━━━━━──── 41/59 8.5s/it 6:04<2:33[K      19/50         0G      1.918     0.9937     0.7778         15       1280: 71% ━━━━━━━━╸─── 42/59 8.4s/it 6:12<2:23[K      19/50         0G      1.916     0.9914     0.7774         13       1280: 72% ━━━━━━━━╸─── 43/59 8.4s/it 6:20<2:15[K      19/50         0G      1.915     0.9905     0.7796         11       1280: 74% ━━━━━━━━╸─── 44/59 8.6s/it 6:29<2:09[K      19/50         0G      1.926     0.9978     0.7791         19       1280: 76% ━━━━━━━━━─── 45/59 8.5s/it 6:38<1:59[K      19/50         0G      1.923     0.9947     0.7782         14       1280: 77% ━━━━━━━━━─── 46/59 8.7s/it 6:47<1:54[K      19/50         0G      1.933      1.004     0.7798          7       1280: 79% ━━━━━━━━━╸── 47/59 8.9s/it 6:56<1:46[K      19/50         0G      1.928          1     0.7801         13       1280: 81% ━━━━━━━━━╸── 48/59 8.7s/it 7:05<1:36[K      19/50         0G      1.923      1.005     0.7798          9       1280: 83% ━━━━━━━━━╸── 49/59 8.8s/it 7:13<1:28[K      19/50         0G      1.924      1.006     0.7786         14       1280: 84% ━━━━━━━━━━── 50/59 8.6s/it 7:22<1:18[K      19/50         0G      1.919      1.013     0.7797         10       1280: 86% ━━━━━━━━━━── 51/59 8.8s/it 7:31<1:10[K      19/50         0G      1.916      1.025     0.7804         12       1280: 88% ━━━━━━━━━━╸─ 52/59 8.7s/it 7:39<1:01[K      19/50         0G      1.914      1.022     0.7812          9       1280: 89% ━━━━━━━━━━╸─ 53/59 8.8s/it 7:48<52.8s[K      19/50         0G      1.916      1.022     0.7813         14       1280: 91% ━━━━━━━━━━╸─ 54/59 8.8s/it 7:57<44.1s[K      19/50         0G      1.924      1.029     0.7806         12       1280: 93% ━━━━━━━━━━━─ 55/59 8.8s/it 8:06<35.0s[K      19/50         0G       1.92      1.023     0.7819         15       1280: 94% ━━━━━━━━━━━─ 56/59 8.8s/it 8:15<26.4s[K      19/50         0G      1.924      1.022     0.7837         13       1280: 96% ━━━━━━━━━━━╸ 57/59 8.8s/it 8:24<17.7s[K      19/50         0G      1.923      1.022     0.7832         11       1280: 98% ━━━━━━━━━━━╸ 58/59 8.7s/it 8:32<8.7s[K      19/50         0G      1.923      1.022     0.7832         11       1280: 100% ━━━━━━━━━━━━ 59/59 8.7s/it 8:32
[K                 Class     Images  Instances      Box(P          R      mAP50  mAP50-95): 11% ━─────────── 1/9 20.8s/it 6.2s<2:46[K                 Class     Images  Instances      Box(P          R      mAP50  mAP50-95): 22% ━━╸───────── 2/9 12.1s/it 12.4s<1:25[K                 Class     Images  Instances      Box(P          R      mAP50  mAP50-95): 33% ━━━━──────── 3/9 9.5s/it 18.7s<56.8s[K                 Class     Images  Instances      Box(P          R      mAP50  mAP50-95): 44% ━━━━━─────── 4/9 8.2s/it 24.9s<41.0s[K                 Class     Images  Instances      Box(P          R      mAP50  mAP50-95): 55% ━━━━━━╸───── 5/9 7.5s/it 31.1s<29.9s[K                 Class     Images  Instances      Box(P          R      mAP50  mAP50-95): 66% ━━━━━━━━──── 6/9 7.1s/it 37.3s<21.2s[K                 Class     Images  Instances      Box(P          R      mAP50  mAP50-95): 77% ━━━━━━━━━─── 7/9 6.8s/it 43.5s<13.5s[K                 Class     Images  Instances      Box(P          R      mAP50  mAP50-95): 88% ━━━━━━━━━━╸─ 8/9 6.6s/it 49.7s<6.6s[K                 Class     Images  Instances      Box(P          R      mAP50  mAP50-95): 100% ━━━━━━━━━━━━ 9/9 5.7s/it 51.5s
                   all        139        109      0.909      0.743      0.793      0.413

      Epoch    GPU_mem   box_loss   cls_loss   dfl_loss  Instances       Size
[K      20/50         0G      1.495     0.8618     0.8424          7       1280: 0% ──────────── 0/59  9.8s[K      20/50         0G      1.664     0.8176     0.7975         12       1280: 1% ──────────── 1/59 28.2s/it 18.3s<27:16[K      20/50         0G      1.837     0.8952     0.7715         14       1280: 3% ──────────── 2/59 16.2s/it 26.5s<15:26[K      20/50         0G      1.904     0.8883     0.7448         14       1280: 5% ╸─────────── 3/59 12.6s/it 34.8s<11:47[K      20/50         0G      1.891     0.8604     0.7395         14       1280: 6% ╸─────────── 4/59 10.6s/it 42.5s<9:42[K      20/50         0G      1.835     0.8164      0.721          6       1280: 8% ━─────────── 5/59 9.9s/it 51.0s<8:53[K      20/50         0G      1.833     0.7797     0.7283         13       1280: 10% ━─────────── 6/59 9.2s/it 58.8s<8:05[K      20/50         0G      1.847     0.8113     0.7347          5       1280: 11% ━─────────── 7/59 8.9s/it 1:07<7:45[K      20/50         0G      1.857     0.8705     0.7379         12       1280: 13% ━╸────────── 8/59 8.5s/it 1:15<7:15[K      20/50         0G      1.828     0.8427     0.7335         11       1280: 15% ━╸────────── 9/59 8.5s/it 1:24<7:06[K      20/50         0G      1.835     0.8269     0.7372          7       1280: 16% ━━────────── 10/59 8.4s/it 1:32<6:53[K      20/50         0G      1.794     0.8217     0.7417          7       1280: 18% ━━────────── 11/59 8.4s/it 1:40<6:43[K      20/50         0G      1.785     0.8136     0.7496          8       1280: 20% ━━────────── 12/59 8.3s/it 1:48<6:30[K      20/50         0G      1.792     0.8599     0.7518          8       1280: 22% ━━╸───────── 13/59 8.4s/it 1:57<6:25[K      20/50         0G       1.79     0.8726     0.7659          7       1280: 23% ━━╸───────── 14/59 8.3s/it 2:05<6:15[K      20/50         0G      1.779     0.8806     0.7674         10       1280: 25% ━━━───────── 15/59 8.4s/it 2:13<6:08[K      20/50         0G      1.792     0.9035     0.7601         15       1280: 27% ━━━───────── 16/59 8.1s/it 2:21<5:50[K      20/50         0G      1.786     0.8889     0.7563          8       1280: 28% ━━━───────── 17/59 8.2s/it 2:29<5:45[K      20/50         0G      1.795     0.8875     0.7557          8       1280: 30% ━━━╸──────── 18/59 8.3s/it 2:38<5:40[K      20/50         0G      1.782     0.8856     0.7551         10       1280: 32% ━━━╸──────── 19/59 8.4s/it 2:46<5:35[K      20/50         0G      1.789     0.8876     0.7555         10       1280: 33% ━━━━──────── 20/59 8.1s/it 2:54<5:18[K      20/50         0G      1.803     0.8877     0.7515         14       1280: 35% ━━━━──────── 21/59 8.2s/it 3:02<5:12[K      20/50         0G      1.796     0.8918     0.7502         10       1280: 37% ━━━━──────── 22/59 8.3s/it 3:11<5:07[K      20/50         0G      1.801     0.8967     0.7564         12       1280: 38% ━━━━╸─────── 23/59 8.3s/it 3:19<5:00[K      20/50         0G        1.8      0.889     0.7554         11       1280: 40% ━━━━╸─────── 24/59 8.1s/it 3:27<4:45[K      20/50         0G      1.809     0.9116      0.756         10       1280: 42% ━━━━━─────── 25/59 8.1s/it 3:35<4:36[K      20/50         0G      1.817     0.9236     0.7564         12       1280: 44% ━━━━━─────── 26/59 8.2s/it 3:44<4:31[K      20/50         0G      1.811     0.9258     0.7555          7       1280: 45% ━━━━━─────── 27/59 8.3s/it 3:52<4:25[K      20/50         0G      1.823     0.9552     0.7552         17       1280: 47% ━━━━━╸────── 28/59 8.2s/it 4:00<4:14[K      20/50         0G      1.829      0.953     0.7568          6       1280: 49% ━━━━━╸────── 29/59 8.3s/it 4:09<4:09[K      20/50         0G      1.834     0.9496     0.7572         10       1280: 50% ━━━━━━────── 30/59 8.1s/it 4:16<3:56[K      20/50         0G      1.841     0.9438     0.7583         12       1280: 52% ━━━━━━────── 31/59 8.2s/it 4:25<3:49[K      20/50         0G      1.843     0.9514     0.7602          8       1280: 54% ━━━━━━╸───── 32/59 8.2s/it 4:33<3:42[K      20/50         0G      1.835     0.9495     0.7595         14       1280: 55% ━━━━━━╸───── 33/59 8.3s/it 4:41<3:35[K      20/50         0G      1.835     0.9449     0.7609         10       1280: 57% ━━━━━━╸───── 34/59 8.3s/it 4:50<3:28[K      20/50         0G      1.855     0.9611      0.761         16       1280: 59% ━━━━━━━───── 35/59 8.3s/it 4:58<3:20[K      20/50         0G      1.855     0.9696      0.763         12       1280: 61% ━━━━━━━───── 36/59 8.4s/it 5:07<3:13[K      20/50         0G      1.866     0.9753     0.7661         14       1280: 62% ━━━━━━━╸──── 37/59 8.4s/it 5:15<3:05[K      20/50         0G      1.865     0.9764     0.7658          7       1280: 64% ━━━━━━━╸──── 38/59 8.3s/it 5:23<2:54[K      20/50         0G      1.862     0.9743     0.7668         10       1280: 66% ━━━━━━━╸──── 39/59 8.2s/it 5:31<2:44[K      20/50         0G      1.865     0.9784     0.7675         10       1280: 67% ━━━━━━━━──── 40/59 8.1s/it 5:39<2:34[K      20/50         0G      1.862     0.9752     0.7651         10       1280: 69% ━━━━━━━━──── 41/59 8.2s/it 5:48<2:28[K      20/50         0G      1.861     0.9724     0.7632         10       1280: 71% ━━━━━━━━╸─── 42/59 8.3s/it 5:56<2:21[K      20/50         0G      1.871      0.976     0.7622          7       1280: 72% ━━━━━━━━╸─── 43/59 8.5s/it 6:05<2:16[K      20/50         0G      1.871     0.9779     0.7634         15       1280: 74% ━━━━━━━━╸─── 44/59 8.5s/it 6:13<2:07[K      20/50         0G      1.879     0.9779      0.764          9       1280: 76% ━━━━━━━━━─── 45/59 8.5s/it 6:22<1:58[K      20/50         0G      1.885     0.9828     0.7653         15       1280: 77% ━━━━━━━━━─── 46/59 8.4s/it 6:30<1:49[K      20/50         0G      1.887     0.9808     0.7649         15       1280: 79% ━━━━━━━━━╸── 47/59 8.4s/it 6:38<1:40[K      20/50         0G      1.894     0.9794      0.764         10       1280: 81% ━━━━━━━━━╸── 48/59 8.3s/it 6:47<1:31[K      20/50         0G      1.896     0.9851     0.7643          8       1280: 83% ━━━━━━━━━╸── 49/59 8.3s/it 6:55<1:23[K      20/50         0G      1.897     0.9918      0.764         10       1280: 84% ━━━━━━━━━━── 50/59 8.5s/it 7:04<1:16[K      20/50         0G      1.895      0.989     0.7643         13       1280: 86% ━━━━━━━━━━── 51/59 8.4s/it 7:12<1:07[K      20/50         0G      1.888     0.9864     0.7643          6       1280: 88% ━━━━━━━━━━╸─ 52/59 8.4s/it 7:20<58.9s[K      20/50         0G      1.889     0.9849     0.7644         10       1280: 89% ━━━━━━━━━━╸─ 53/59 8.5s/it 7:29<51.0s[K      20/50         0G      1.891     0.9868     0.7624          9       1280: 91% ━━━━━━━━━━╸─ 54/59 8.3s/it 7:37<41.5s[K      20/50         0G      1.895     0.9908     0.7613         13       1280: 93% ━━━━━━━━━━━─ 55/59 8.3s/it 7:45<33.3s[K      20/50         0G      1.891     0.9914     0.7612         11       1280: 94% ━━━━━━━━━━━─ 56/59 8.3s/it 7:54<25.0s[K      20/50         0G      1.886     0.9901     0.7612          8       1280: 96% ━━━━━━━━━━━╸ 57/59 8.4s/it 8:03<16.9s[K      20/50         0G      1.888     0.9907      0.761         12       1280: 98% ━━━━━━━━━━━╸ 58/59 8.4s/it 8:11<8.4s[K      20/50         0G      1.888     0.9907      0.761         12       1280: 100% ━━━━━━━━━━━━ 59/59 8.3s/it 8:11
[K                 Class     Images  Instances      Box(P          R      mAP50  mAP50-95): 11% ━─────────── 1/9 20.9s/it 6.3s<2:47[K                 Class     Images  Instances      Box(P          R      mAP50  mAP50-95): 22% ━━╸───────── 2/9 12.2s/it 12.4s<1:25[K                 Class     Images  Instances      Box(P          R      mAP50  mAP50-95): 33% ━━━━──────── 3/9 9.4s/it 18.6s<56.6s[K                 Class     Images  Instances      Box(P          R      mAP50  mAP50-95): 44% ━━━━━─────── 4/9 8.2s/it 24.9s<40.9s[K                 Class     Images  Instances      Box(P          R      mAP50  mAP50-95): 55% ━━━━━━╸───── 5/9 7.5s/it 31.1s<29.8s[K                 Class     Images  Instances      Box(P          R      mAP50  mAP50-95): 66% ━━━━━━━━──── 6/9 7.0s/it 37.2s<21.1s[K                 Class     Images  Instances      Box(P          R      mAP50  mAP50-95): 77% ━━━━━━━━━─── 7/9 6.8s/it 43.4s<13.5s[K                 Class     Images  Instances      Box(P          R      mAP50  mAP50-95): 88% ━━━━━━━━━━╸─ 8/9 6.6s/it 49.6s<6.6s[K                 Class     Images  Instances      Box(P          R      mAP50  mAP50-95): 100% ━━━━━━━━━━━━ 9/9 5.7s/it 51.4s
                   all        139        109      0.865      0.706      0.803      0.367

      Epoch    GPU_mem   box_loss   cls_loss   dfl_loss  Instances       Size
[K      21/50         0G      2.059      1.423     0.8173          8       1280: 0% ──────────── 0/59  9.4s[K      21/50         0G      2.134      1.282     0.8139         13       1280: 1% ──────────── 1/59 30.0s/it 18.4s<29:01[K      21/50         0G      1.923      1.173     0.7713         10       1280: 3% ──────────── 2/59 16.8s/it 26.6s<15:56[K      21/50         0G      1.931      1.294     0.7871         14       1280: 5% ╸─────────── 3/59 12.9s/it 35.0s<12:01[K      21/50         0G      1.903      1.227     0.7913          9       1280: 6% ╸─────────── 4/59 11.2s/it 43.5s<10:15[K      21/50         0G      1.923      1.189     0.7831         14       1280: 8% ━─────────── 5/59 10.2s/it 52.0s<9:10[K      21/50         0G      1.927      1.151     0.7949         10       1280: 10% ━─────────── 6/59 9.6s/it 1:00<8:28[K      21/50         0G      1.893      1.136     0.7886         11       1280: 11% ━─────────── 7/59 9.2s/it 1:09<7:57[K      21/50         0G      1.907      1.122     0.7872         13       1280: 13% ━╸────────── 8/59 8.9s/it 1:17<7:36[K      21/50         0G      1.898      1.112     0.7823         10       1280: 15% ━╸────────── 9/59 8.8s/it 1:26<7:20[K      21/50         0G      1.896      1.112     0.7907         10       1280: 16% ━━────────── 10/59 8.6s/it 1:34<7:03[K      21/50         0G       1.87      1.084      0.781         12       1280: 18% ━━────────── 11/59 8.5s/it 1:42<6:50[K      21/50         0G      1.889      1.064     0.7888         13       1280: 20% ━━────────── 12/59 8.5s/it 1:51<6:41[K      21/50         0G       1.87      1.039     0.7906         11       1280: 22% ━━╸───────── 13/59 8.5s/it 1:59<6:31[K      21/50         0G      1.898      1.041     0.7916         16       1280: 23% ━━╸───────── 14/59 8.5s/it 2:08<6:22[K      21/50         0G      1.914      1.047     0.7923         17       1280: 25% ━━━───────── 15/59 8.5s/it 2:16<6:14[K      21/50         0G      1.921      1.037      0.789         16       1280: 27% ━━━───────── 16/59 8.5s/it 2:25<6:04[K      21/50         0G      1.924      1.024      0.788         10       1280: 28% ━━━───────── 17/59 8.5s/it 2:33<5:57[K      21/50         0G      1.953      1.025     0.7865         11       1280: 30% ━━━╸──────── 18/59 8.4s/it 2:41<5:46[K      21/50         0G      1.944      1.018     0.7803         12       1280: 32% ━━━╸──────── 19/59 8.5s/it 2:50<5:38[K      21/50         0G      1.955      1.024     0.7785         15       1280: 33% ━━━━──────── 20/59 8.3s/it 2:58<5:24[K      21/50         0G      1.947       1.01     0.7768         13       1280: 35% ━━━━──────── 21/59 8.3s/it 3:06<5:16[K      21/50         0G      1.974       1.01     0.7751         16       1280: 37% ━━━━──────── 22/59 8.4s/it 3:15<5:09[K      21/50         0G      1.996      1.014     0.7752         15       1280: 38% ━━━━╸─────── 23/59 8.4s/it 3:23<5:01[K      21/50         0G      1.985      1.017     0.7813          4       1280: 40% ━━━━╸─────── 24/59 8.3s/it 3:31<4:52[K      21/50         0G      1.999      1.011     0.7784         11       1280: 42% ━━━━━─────── 25/59 8.4s/it 3:40<4:44[K      21/50         0G      2.008      1.007     0.7777         10       1280: 44% ━━━━━─────── 26/59 8.3s/it 3:48<4:35[K      21/50         0G      2.021      1.012     0.7776          8       1280: 45% ━━━━━─────── 27/59 8.4s/it 3:56<4:27[K      21/50         0G      2.011      1.023     0.7764         10       1280: 47% ━━━━━╸────── 28/59 8.4s/it 4:05<4:21[K      21/50         0G      2.033      1.028     0.7759         10       1280: 49% ━━━━━╸────── 29/59 8.4s/it 4:13<4:12[K      21/50         0G      2.032      1.028     0.7755         14       1280: 50% ━━━━━━────── 30/59 8.3s/it 4:21<3:60[K      21/50         0G      2.038      1.043     0.7741          8       1280: 52% ━━━━━━────── 31/59 8.2s/it 4:29<3:50[K      21/50         0G      2.033      1.037     0.7723          9       1280: 54% ━━━━━━╸───── 32/59 8.3s/it 4:38<3:44[K      21/50         0G      2.042      1.034     0.7709         14       1280: 55% ━━━━━━╸───── 33/59 8.2s/it 4:46<3:34[K      21/50         0G      2.032      1.029     0.7701         11       1280: 57% ━━━━━━╸───── 34/59 8.3s/it 4:54<3:27[K      21/50         0G      2.015      1.022     0.7689         11       1280: 59% ━━━━━━━───── 35/59 8.5s/it 5:04<3:24[K      21/50         0G      2.014      1.025     0.7682         16       1280: 61% ━━━━━━━───── 36/59 8.5s/it 5:12<3:14[K      21/50         0G      2.022      1.025     0.7686         13       1280: 62% ━━━━━━━╸──── 37/59 8.4s/it 5:20<3:05[K      21/50         0G       2.01      1.018     0.7674          9       1280: 64% ━━━━━━━╸──── 38/59 8.4s/it 5:29<2:57[K      21/50         0G      2.022      1.018     0.7673         16       1280: 66% ━━━━━━━╸──── 39/59 8.3s/it 5:37<2:45[K      21/50         0G       2.03      1.019     0.7686         11       1280: 67% ━━━━━━━━──── 40/59 8.3s/it 5:45<2:37[K      21/50         0G      2.023      1.012     0.7664         15       1280: 69% ━━━━━━━━──── 41/59 8.3s/it 5:53<2:30[K      21/50         0G      2.022      1.008     0.7658         11       1280: 71% ━━━━━━━━╸─── 42/59 8.3s/it 6:02<2:21[K      21/50         0G      2.021      1.007     0.7656          8       1280: 72% ━━━━━━━━╸─── 43/59 8.3s/it 6:10<2:13[K      21/50         0G      2.024      1.004     0.7635         14       1280: 74% ━━━━━━━━╸─── 44/59 8.3s/it 6:18<2:05[K      21/50         0G      2.024          1     0.7629          8       1280: 76% ━━━━━━━━━─── 45/59 8.3s/it 6:26<1:56[K      21/50         0G      2.019     0.9997     0.7615         18       1280: 77% ━━━━━━━━━─── 46/59 8.3s/it 6:35<1:48[K      21/50         0G      2.012     0.9967     0.7597         15       1280: 79% ━━━━━━━━━╸── 47/59 8.3s/it 6:43<1:40[K      21/50         0G      2.007     0.9913     0.7588         11       1280: 81% ━━━━━━━━━╸── 48/59 8.4s/it 6:52<1:32[K      21/50         0G      2.009     0.9908     0.7576         12       1280: 83% ━━━━━━━━━╸── 49/59 8.4s/it 7:00<1:24[K      21/50         0G      2.014     0.9879     0.7562         13       1280: 84% ━━━━━━━━━━── 50/59 8.4s/it 7:08<1:15[K      21/50         0G      2.029     0.9908     0.7551         10       1280: 86% ━━━━━━━━━━── 51/59 8.3s/it 7:17<1:07[K      21/50         0G      2.028     0.9962     0.7552         17       1280: 88% ━━━━━━━━━━╸─ 52/59 8.3s/it 7:25<58.3s[K      21/50         0G      2.035      1.002      0.755         11       1280: 89% ━━━━━━━━━━╸─ 53/59 8.4s/it 7:33<50.2s[K      21/50         0G      2.034      0.998     0.7566          9       1280: 91% ━━━━━━━━━━╸─ 54/59 8.3s/it 7:42<41.4s[K      21/50         0G      2.034     0.9965     0.7558          5       1280: 93% ━━━━━━━━━━━─ 55/59 8.3s/it 7:50<33.0s[K      21/50         0G      2.038      1.001     0.7563          9       1280: 94% ━━━━━━━━━━━─ 56/59 8.1s/it 7:58<24.4s[K      21/50         0G      2.037     0.9987     0.7557          4       1280: 96% ━━━━━━━━━━━╸ 57/59 8.2s/it 8:06<16.4s[K      21/50         0G      2.039     0.9996     0.7555         12       1280: 98% ━━━━━━━━━━━╸ 58/59 8.3s/it 8:14<8.3s[K      21/50         0G      2.039     0.9996     0.7555         12       1280: 100% ━━━━━━━━━━━━ 59/59 8.4s/it 8:14
[K                 Class     Images  Instances      Box(P          R      mAP50  mAP50-95): 11% ━─────────── 1/9 20.7s/it 6.2s<2:46[K                 Class     Images  Instances      Box(P          R      mAP50  mAP50-95): 22% ━━╸───────── 2/9 12.1s/it 12.4s<1:25[K                 Class     Images  Instances      Box(P          R      mAP50  mAP50-95): 33% ━━━━──────── 3/9 9.4s/it 18.6s<56.6s[K                 Class     Images  Instances      Box(P          R      mAP50  mAP50-95): 44% ━━━━━─────── 4/9 8.2s/it 24.8s<40.9s[K                 Class     Images  Instances      Box(P          R      mAP50  mAP50-95): 55% ━━━━━━╸───── 5/9 7.5s/it 31.0s<29.9s[K                 Class     Images  Instances      Box(P          R      mAP50  mAP50-95): 66% ━━━━━━━━──── 6/9 7.0s/it 37.2s<21.1s[K                 Class     Images  Instances      Box(P          R      mAP50  mAP50-95): 77% ━━━━━━━━━─── 7/9 6.8s/it 43.4s<13.5s[K                 Class     Images  Instances      Box(P          R      mAP50  mAP50-95): 88% ━━━━━━━━━━╸─ 8/9 6.6s/it 49.6s<6.6s[K                 Class     Images  Instances      Box(P          R      mAP50  mAP50-95): 100% ━━━━━━━━━━━━ 9/9 5.7s/it 51.4s
                   all        139        109      0.843      0.734       0.75      0.311

      Epoch    GPU_mem   box_loss   cls_loss   dfl_loss  Instances       Size
[K      22/50         0G      2.115     0.8462     0.7682          9       1280: 0% ──────────── 0/59  9.8s[K      22/50         0G      2.174      1.058     0.7695          9       1280: 1% ──────────── 1/59 28.2s/it 18.3s<27:16[K      22/50         0G      2.175      1.005     0.7467          9       1280: 3% ──────────── 2/59 16.6s/it 26.7s<15:46[K      22/50         0G       2.22      1.008     0.7555         17       1280: 5% ╸─────────── 3/59 12.8s/it 35.0s<11:55[K      22/50         0G      2.158      1.085     0.7617         13       1280: 6% ╸─────────── 4/59 11.0s/it 43.3s<10:05[K      22/50         0G      2.079      1.064     0.7447         10       1280: 8% ━─────────── 5/59 10.1s/it 51.7s<9:03[K      22/50         0G      2.081      1.058     0.7454         13       1280: 10% ━─────────── 6/59 9.5s/it 1:00<8:24[K      22/50         0G      2.034      1.062     0.7555         13       1280: 11% ━─────────── 7/59 9.2s/it 1:09<7:59[K      22/50         0G      2.067      1.107     0.7697          5       1280: 13% ━╸────────── 8/59 9.0s/it 1:17<7:39[K      22/50         0G      2.061      1.158     0.7775          8       1280: 15% ━╸────────── 9/59 8.8s/it 1:26<7:20[K      22/50         0G       2.08      1.138     0.7885         12       1280: 16% ━━────────── 10/59 8.6s/it 1:34<7:03[K      22/50         0G      2.097      1.134     0.7906         13       1280: 18% ━━────────── 11/59 8.6s/it 1:42<6:52[K      22/50         0G      2.125      1.153     0.7952         15       1280: 20% ━━────────── 12/59 8.6s/it 1:51<6:43[K      22/50         0G      2.126      1.182     0.7964         15       1280: 22% ━━╸───────── 13/59 8.7s/it 1:60<6:40[K      22/50         0G       2.11      1.195     0.8019         13       1280: 23% ━━╸───────── 14/59 8.6s/it 2:08<6:29[K      22/50         0G      2.078      1.195     0.8015         13       1280: 25% ━━━───────── 15/59 8.5s/it 2:17<6:16[K      22/50         0G      2.072      1.189      0.795         12       1280: 27% ━━━───────── 16/59 8.5s/it 2:25<6:04[K      22/50         0G      2.076      1.171     0.7939         13       1280: 28% ━━━───────── 17/59 8.5s/it 2:34<5:56[K      22/50         0G      2.085      1.164     0.7966         12       1280: 30% ━━━╸──────── 18/59 8.5s/it 2:42<5:47[K      22/50         0G      2.061      1.152     0.7934          6       1280: 32% ━━━╸──────── 19/59 8.5s/it 2:51<5:40[K      22/50         0G      2.067      1.145      0.794         10       1280: 33% ━━━━──────── 20/59 8.5s/it 2:59<5:30[K      22/50         0G      2.066       1.13     0.7963          8       1280: 35% ━━━━──────── 21/59 8.4s/it 3:07<5:20[K      22/50         0G      2.074      1.118     0.7937         12       1280: 37% ━━━━──────── 22/59 8.4s/it 3:16<5:10[K      22/50         0G      2.084      1.107     0.7946         16       1280: 38% ━━━━╸─────── 23/59 8.4s/it 3:24<5:02[K      22/50         0G      2.083      1.096     0.7928         17       1280: 40% ━━━━╸─────── 24/59 8.4s/it 3:33<4:55[K      22/50         0G      2.078       1.09     0.7938         13       1280: 42% ━━━━━─────── 25/59 8.6s/it 3:41<4:51[K      22/50         0G      2.063      1.086     0.7888          7       1280: 44% ━━━━━─────── 26/59 8.5s/it 3:50<4:41[K      22/50         0G      2.061      1.096     0.7863          8       1280: 45% ━━━━━─────── 27/59 8.6s/it 3:59<4:37[K      22/50         0G      2.072      1.086     0.7825          9       1280: 47% ━━━━━╸────── 28/59 8.5s/it 4:07<4:25[K      22/50         0G      2.075      1.093     0.7839          9       1280: 49% ━━━━━╸────── 29/59 8.5s/it 4:16<4:16[K      22/50         0G      2.061      1.082     0.7833         10       1280: 50% ━━━━━━────── 30/59 8.5s/it 4:24<4:06[K      22/50         0G      2.066      1.078     0.7837         15       1280: 52% ━━━━━━────── 31/59 8.5s/it 4:32<3:57[K      22/50         0G      2.059      1.068     0.7826         20       1280: 54% ━━━━━━╸───── 32/59 8.4s/it 4:41<3:48[K      22/50         0G      2.048      1.056     0.7815         10       1280: 55% ━━━━━━╸───── 33/59 8.4s/it 4:49<3:40[K      22/50         0G      2.041      1.052     0.7811         10       1280: 57% ━━━━━━╸───── 34/59 8.5s/it 4:58<3:32[K      22/50         0G      2.038      1.046     0.7799         12       1280: 59% ━━━━━━━───── 35/59 8.5s/it 5:06<3:23[K      22/50         0G       2.03      1.044     0.7817         13       1280: 61% ━━━━━━━───── 36/59 8.4s/it 5:15<3:14[K      22/50         0G      2.043      1.059     0.7817         11       1280: 62% ━━━━━━━╸──── 37/59 8.5s/it 5:23<3:06[K      22/50         0G       2.04      1.052     0.7832          8       1280: 64% ━━━━━━━╸──── 38/59 8.4s/it 5:31<2:57[K      22/50         0G      2.037      1.049     0.7823         17       1280: 66% ━━━━━━━╸──── 39/59 8.4s/it 5:40<2:48[K      22/50         0G      2.035      1.045     0.7828         11       1280: 67% ━━━━━━━━──── 40/59 8.3s/it 5:48<2:38[K      22/50         0G      2.025      1.043     0.7817         14       1280: 69% ━━━━━━━━──── 41/59 8.4s/it 5:57<2:32[K      22/50         0G      2.039      1.051     0.7824         13       1280: 71% ━━━━━━━━╸─── 42/59 8.4s/it 6:05<2:22[K      22/50         0G      2.043      1.059     0.7798         12       1280: 72% ━━━━━━━━╸─── 43/59 8.3s/it 6:13<2:14[K      22/50         0G      2.051      1.056     0.7783         16       1280: 74% ━━━━━━━━╸─── 44/59 8.4s/it 6:22<2:06[K      22/50         0G      2.039      1.049     0.7788          8       1280: 76% ━━━━━━━━━─── 45/59 8.3s/it 6:30<1:57[K      22/50         0G      2.036      1.045     0.7748          9       1280: 77% ━━━━━━━━━─── 46/59 8.3s/it 6:38<1:48[K      22/50         0G      2.035      1.044     0.7746         12       1280: 79% ━━━━━━━━━╸── 47/59 8.3s/it 6:47<1:40[K      22/50         0G      2.029      1.045     0.7744         11       1280: 81% ━━━━━━━━━╸── 48/59 8.4s/it 6:55<1:33[K      22/50         0G      2.019      1.042     0.7738          9       1280: 83% ━━━━━━━━━╸── 49/59 8.4s/it 7:04<1:24[K      22/50         0G      2.011      1.037      0.774         10       1280: 84% ━━━━━━━━━━── 50/59 8.4s/it 7:12<1:16[K      22/50         0G      2.008      1.034     0.7733         12       1280: 86% ━━━━━━━━━━── 51/59 8.4s/it 7:20<1:07[K      22/50         0G      2.015      1.045      0.776          8       1280: 88% ━━━━━━━━━━╸─ 52/59 8.3s/it 7:28<57.9s[K      22/50         0G      2.006      1.041     0.7768          8       1280: 89% ━━━━━━━━━━╸─ 53/59 8.4s/it 7:37<50.2s[K      22/50         0G          2      1.037     0.7767         15       1280: 91% ━━━━━━━━━━╸─ 54/59 8.4s/it 7:46<42.2s[K      22/50         0G      1.994      1.032     0.7772          7       1280: 93% ━━━━━━━━━━━─ 55/59 8.5s/it 7:54<34.0s[K      22/50         0G      1.997      1.032     0.7778         12       1280: 94% ━━━━━━━━━━━─ 56/59 8.4s/it 8:02<25.1s[K      22/50         0G      1.989      1.026     0.7779          9       1280: 96% ━━━━━━━━━━━╸ 57/59 8.4s/it 8:11<16.8s[K      22/50         0G      1.984      1.021     0.7784          8       1280: 98% ━━━━━━━━━━━╸ 58/59 8.4s/it 8:19<8.4s[K      22/50         0G      1.984      1.021     0.7784          8       1280: 100% ━━━━━━━━━━━━ 59/59 8.5s/it 8:19
[K                 Class     Images  Instances      Box(P          R      mAP50  mAP50-95): 11% ━─────────── 1/9 20.8s/it 6.2s<2:46[K                 Class     Images  Instances      Box(P          R      mAP50  mAP50-95): 22% ━━╸───────── 2/9 12.1s/it 12.4s<1:25[K                 Class     Images  Instances      Box(P          R      mAP50  mAP50-95): 33% ━━━━──────── 3/9 9.4s/it 18.6s<56.5s[K                 Class     Images  Instances      Box(P          R      mAP50  mAP50-95): 44% ━━━━━─────── 4/9 8.2s/it 24.8s<40.8s[K                 Class     Images  Instances      Box(P          R      mAP50  mAP50-95): 55% ━━━━━━╸───── 5/9 7.5s/it 31.0s<29.8s[K                 Class     Images  Instances      Box(P          R      mAP50  mAP50-95): 66% ━━━━━━━━──── 6/9 7.0s/it 37.2s<21.1s[K                 Class     Images  Instances      Box(P          R      mAP50  mAP50-95): 77% ━━━━━━━━━─── 7/9 6.8s/it 43.4s<13.5s[K                 Class     Images  Instances      Box(P          R      mAP50  mAP50-95): 88% ━━━━━━━━━━╸─ 8/9 6.6s/it 49.6s<6.6s[K                 Class     Images  Instances      Box(P          R      mAP50  mAP50-95): 100% ━━━━━━━━━━━━ 9/9 5.7s/it 51.4s
                   all        139        109      0.932      0.751      0.799      0.403

      Epoch    GPU_mem   box_loss   cls_loss   dfl_loss  Instances       Size
[K      23/50         0G      1.669     0.8989     0.7601          9       1280: 0% ──────────── 0/59  9.7s[K      23/50         0G      1.685     0.7897     0.7943          8       1280: 1% ──────────── 1/59 29.9s/it 18.7s<28:54[K      23/50         0G      1.758     0.7944     0.7826         15       1280: 3% ──────────── 2/59 16.8s/it 27.0s<16:00[K      23/50         0G       1.76     0.7916     0.7927          8       1280: 5% ╸─────────── 3/59 13.0s/it 35.5s<12:08[K      23/50         0G      1.797     0.8129       0.79          8       1280: 6% ╸─────────── 4/59 11.2s/it 44.0s<10:17[K      23/50         0G      1.803     0.8048     0.8023          7       1280: 8% ━─────────── 5/59 10.3s/it 52.6s<9:15[K      23/50         0G      1.806     0.7989     0.7991          9       1280: 10% ━─────────── 6/59 9.6s/it 1:01<8:30[K      23/50         0G      1.796     0.7906     0.8002         15       1280: 11% ━─────────── 7/59 9.3s/it 1:10<8:02[K      23/50         0G      1.853     0.8311     0.7924         15       1280: 13% ━╸────────── 8/59 8.9s/it 1:18<7:36[K      23/50         0G      1.867     0.8231     0.7822         16       1280: 15% ━╸────────── 9/59 8.8s/it 1:26<7:20[K      23/50         0G      1.915     0.8236     0.7812         14       1280: 16% ━━────────── 10/59 8.8s/it 1:35<7:11[K      23/50         0G      1.889     0.8453     0.7862          9       1280: 18% ━━────────── 11/59 8.9s/it 1:44<7:05[K      23/50         0G       1.86     0.8462     0.7791          7       1280: 20% ━━────────── 12/59 8.7s/it 1:52<6:50[K      23/50         0G      1.852     0.8561     0.7814         11       1280: 22% ━━╸───────── 13/59 8.6s/it 2:01<6:37[K      23/50         0G      1.837     0.8429     0.7804          8       1280: 23% ━━╸───────── 14/59 8.6s/it 2:09<6:26[K      23/50         0G       1.82     0.8395     0.7826         10       1280: 25% ━━━───────── 15/59 8.5s/it 2:18<6:12[K      23/50         0G      1.815     0.8356     0.7818         10       1280: 27% ━━━───────── 16/59 8.5s/it 2:26<6:04[K      23/50         0G      1.803     0.8488      0.774         10       1280: 28% ━━━───────── 17/59 8.6s/it 2:35<5:60[K      23/50         0G      1.808     0.8458     0.7738         11       1280: 30% ━━━╸──────── 18/59 8.6s/it 2:43<5:51[K      23/50         0G      1.809      0.844     0.7756         11       1280: 32% ━━━╸──────── 19/59 8.5s/it 2:52<5:41[K      23/50         0G      1.778     0.8409     0.7742          3       1280: 33% ━━━━──────── 20/59 8.5s/it 3:00<5:31[K      23/50         0G      1.771      0.844     0.7752         12       1280: 35% ━━━━──────── 21/59 8.5s/it 3:09<5:21[K      23/50         0G      1.785     0.8452     0.7787         12       1280: 37% ━━━━──────── 22/59 8.5s/it 3:17<5:14[K      23/50         0G      1.797     0.8639     0.7819         15       1280: 38% ━━━━╸─────── 23/59 8.5s/it 3:26<5:04[K      23/50         0G      1.808      0.864     0.7801         11       1280: 40% ━━━━╸─────── 24/59 8.5s/it 3:34<4:56[K      23/50         0G      1.817     0.8582     0.7817         12       1280: 42% ━━━━━─────── 25/59 8.4s/it 3:42<4:47[K      23/50         0G      1.818     0.8616     0.7821         16       1280: 44% ━━━━━─────── 26/59 8.4s/it 3:51<4:37[K      23/50         0G      1.825     0.8568      0.786         10       1280: 45% ━━━━━─────── 27/59 8.4s/it 3:59<4:30[K      23/50         0G      1.829     0.8569     0.7849         14       1280: 47% ━━━━━╸────── 28/59 8.3s/it 4:07<4:18[K      23/50         0G      1.835     0.8553     0.7828         15       1280: 49% ━━━━━╸────── 29/59 8.2s/it 4:15<4:06[K      23/50         0G      1.836     0.8544     0.7821         11       1280: 50% ━━━━━━────── 30/59 8.3s/it 4:24<3:60[K      23/50         0G       1.85     0.8572     0.7804         10       1280: 52% ━━━━━━────── 31/59 8.3s/it 4:32<3:53[K      23/50         0G      1.852     0.8556     0.7772         12       1280: 54% ━━━━━━╸───── 32/59 8.3s/it 4:40<3:45[K      23/50         0G      1.857     0.8678     0.7785         14       1280: 55% ━━━━━━╸───── 33/59 8.4s/it 4:49<3:39[K      23/50         0G      1.878     0.8764     0.7795         20       1280: 57% ━━━━━━╸───── 34/59 8.4s/it 4:58<3:31[K      23/50         0G      1.875     0.8732      0.778          8       1280: 59% ━━━━━━━───── 35/59 8.5s/it 5:06<3:23[K      23/50         0G      1.887     0.8727     0.7794         14       1280: 61% ━━━━━━━───── 36/59 8.4s/it 5:14<3:13[K      23/50         0G      1.877      0.867      0.779          9       1280: 62% ━━━━━━━╸──── 37/59 8.4s/it 5:23<3:04[K      23/50         0G       1.88     0.8692     0.7787         16       1280: 64% ━━━━━━━╸──── 38/59 8.3s/it 5:31<2:55[K      23/50         0G      1.876     0.8669     0.7773          5       1280: 66% ━━━━━━━╸──── 39/59 8.3s/it 5:39<2:47[K      23/50         0G      1.877     0.8735     0.7764         11       1280: 67% ━━━━━━━━──── 40/59 8.4s/it 5:48<2:39[K      23/50         0G      1.871     0.8704     0.7793          9       1280: 69% ━━━━━━━━──── 41/59 8.5s/it 5:56<2:33[K      23/50         0G      1.864     0.8716     0.7813         10       1280: 71% ━━━━━━━━╸─── 42/59 8.5s/it 6:05<2:24[K      23/50         0G      1.877      0.883     0.7825         12       1280: 72% ━━━━━━━━╸─── 43/59 8.4s/it 6:13<2:14[K      23/50         0G      1.878     0.8824      0.782         12       1280: 74% ━━━━━━━━╸─── 44/59 8.3s/it 6:21<2:05[K      23/50         0G      1.872     0.8842     0.7806         13       1280: 76% ━━━━━━━━━─── 45/59 8.4s/it 6:30<1:57[K      23/50         0G      1.873     0.8813     0.7795         11       1280: 77% ━━━━━━━━━─── 46/59 8.3s/it 6:38<1:48[K      23/50         0G      1.878      0.884     0.7822          6       1280: 79% ━━━━━━━━━╸── 47/59 8.5s/it 6:47<1:42[K      23/50         0G      1.877     0.9047     0.7854          8       1280: 81% ━━━━━━━━━╸── 48/59 8.5s/it 6:55<1:33[K      23/50         0G      1.877     0.9026      0.785         12       1280: 83% ━━━━━━━━━╸── 49/59 8.4s/it 7:03<1:24[K      23/50         0G      1.872      0.906     0.7855         12       1280: 84% ━━━━━━━━━━── 50/59 8.4s/it 7:12<1:16[K      23/50         0G      1.875     0.9218      0.785         11       1280: 86% ━━━━━━━━━━── 51/59 8.4s/it 7:20<1:07[K      23/50         0G      1.874     0.9225     0.7854         11       1280: 88% ━━━━━━━━━━╸─ 52/59 8.4s/it 7:29<58.8s[K      23/50         0G      1.871     0.9179     0.7847         10       1280: 89% ━━━━━━━━━━╸─ 53/59 8.4s/it 7:37<50.3s[K      23/50         0G      1.871     0.9172     0.7829         10       1280: 91% ━━━━━━━━━━╸─ 54/59 8.3s/it 7:45<41.3s[K      23/50         0G      1.876     0.9145     0.7825         12       1280: 93% ━━━━━━━━━━━─ 55/59 8.4s/it 7:54<33.5s[K      23/50         0G      1.884     0.9128      0.784         11       1280: 94% ━━━━━━━━━━━─ 56/59 8.4s/it 8:02<25.3s[K      23/50         0G      1.884     0.9101     0.7843          7       1280: 96% ━━━━━━━━━━━╸ 57/59 8.3s/it 8:10<16.6s[K      23/50         0G      1.883     0.9094     0.7841         12       1280: 98% ━━━━━━━━━━━╸ 58/59 8.4s/it 8:19<8.4s[K      23/50         0G      1.883     0.9094     0.7841         12       1280: 100% ━━━━━━━━━━━━ 59/59 8.5s/it 8:19
[K                 Class     Images  Instances      Box(P          R      mAP50  mAP50-95): 11% ━─────────── 1/9 20.7s/it 6.2s<2:46[K                 Class     Images  Instances      Box(P          R      mAP50  mAP50-95): 22% ━━╸───────── 2/9 12.2s/it 12.4s<1:25[K                 Class     Images  Instances      Box(P          R      mAP50  mAP50-95): 33% ━━━━──────── 3/9 9.4s/it 18.6s<56.6s[K                 Class     Images  Instances      Box(P          R      mAP50  mAP50-95): 44% ━━━━━─────── 4/9 8.2s/it 24.9s<40.9s[K                 Class     Images  Instances      Box(P          R      mAP50  mAP50-95): 55% ━━━━━━╸───── 5/9 7.5s/it 31.1s<29.9s[K                 Class     Images  Instances      Box(P          R      mAP50  mAP50-95): 66% ━━━━━━━━──── 6/9 7.0s/it 37.3s<21.1s[K                 Class     Images  Instances      Box(P          R      mAP50  mAP50-95): 77% ━━━━━━━━━─── 7/9 6.8s/it 43.5s<13.5s[K                 Class     Images  Instances      Box(P          R      mAP50  mAP50-95): 88% ━━━━━━━━━━╸─ 8/9 6.6s/it 49.7s<6.6s[K                 Class     Images  Instances      Box(P          R      mAP50  mAP50-95): 100% ━━━━━━━━━━━━ 9/9 5.7s/it 51.4s
                   all        139        109      0.873      0.789      0.778        0.4

      Epoch    GPU_mem   box_loss   cls_loss   dfl_loss  Instances       Size
[K      24/50         0G      2.141     0.8671     0.7059          6       1280: 0% ──────────── 0/59  9.2s[K      24/50         0G      1.983     0.7378     0.7269         16       1280: 1% ──────────── 1/59 29.2s/it 18.0s<28:13[K      24/50         0G      1.823     0.7037     0.7319          9       1280: 3% ──────────── 2/59 16.9s/it 26.5s<16:05[K      24/50         0G      1.779     0.7193      0.744          9       1280: 5% ╸─────────── 3/59 13.2s/it 35.2s<12:18[K      24/50         0G      1.779     0.7181     0.7496         10       1280: 6% ╸─────────── 4/59 11.3s/it 43.6s<10:19[K      24/50         0G       1.79     0.7188     0.7545         10       1280: 8% ━─────────── 5/59 10.3s/it 52.1s<9:14[K      24/50         0G      1.775     0.7231     0.7539         11       1280: 10% ━─────────── 6/59 9.6s/it 1:00<8:29[K      24/50         0G       1.79     0.7646     0.7653          9       1280: 11% ━─────────── 7/59 9.2s/it 1:09<7:58[K      24/50         0G      1.805      0.778     0.7756         13       1280: 13% ━╸────────── 8/59 8.8s/it 1:17<7:30[K      24/50         0G      1.836     0.8198     0.7776         15       1280: 15% ━╸────────── 9/59 8.7s/it 1:25<7:17[K      24/50         0G      1.856     0.8354     0.7738         14       1280: 16% ━━────────── 10/59 8.7s/it 1:34<7:05[K      24/50         0G      1.855     0.8316     0.7676         12       1280: 18% ━━────────── 11/59 8.6s/it 1:42<6:53[K      24/50         0G      1.882     0.8446     0.7659         11       1280: 20% ━━────────── 12/59 8.6s/it 1:51<6:43[K      24/50         0G      1.905     0.8732     0.7697          8       1280: 22% ━━╸───────── 13/59 8.6s/it 1:59<6:34[K      24/50         0G      1.917     0.8652     0.7703          8       1280: 23% ━━╸───────── 14/59 8.5s/it 2:08<6:23[K      24/50         0G      1.927     0.9062     0.7742         11       1280: 25% ━━━───────── 15/59 8.5s/it 2:16<6:14[K      24/50         0G      1.943     0.9615     0.7859          8       1280: 27% ━━━───────── 16/59 8.4s/it 2:25<6:03[K      24/50         0G      1.935     0.9645     0.7837         12       1280: 28% ━━━───────── 17/59 8.4s/it 2:33<5:53[K      24/50         0G      1.942     0.9518     0.7785         12       1280: 30% ━━━╸──────── 18/59 8.4s/it 2:41<5:44[K      24/50         0G      1.956     0.9705     0.7773          8       1280: 32% ━━━╸──────── 19/59 8.5s/it 2:50<5:38[K      24/50         0G      1.955     0.9637     0.7767         11       1280: 33% ━━━━──────── 20/59 8.4s/it 2:58<5:29[K      24/50         0G      1.937     0.9573     0.7775          9       1280: 35% ━━━━──────── 21/59 8.4s/it 3:07<5:21[K      24/50         0G      1.917     0.9592     0.7796          7       1280: 37% ━━━━──────── 22/59 8.4s/it 3:15<5:12[K      24/50         0G      1.927     0.9632     0.7816          9       1280: 38% ━━━━╸─────── 23/59 8.4s/it 3:24<5:04[K      24/50         0G      1.932     0.9548     0.7832          6       1280: 40% ━━━━╸─────── 24/59 8.5s/it 3:32<4:56[K      24/50         0G      1.933      0.948     0.7801         15       1280: 42% ━━━━━─────── 25/59 8.4s/it 3:41<4:47[K      24/50         0G      1.932     0.9426     0.7757         13       1280: 44% ━━━━━─────── 26/59 8.4s/it 3:49<4:39[K      24/50         0G       1.93     0.9434     0.7739         11       1280: 45% ━━━━━─────── 27/59 8.4s/it 3:57<4:29[K      24/50         0G      1.937     0.9495      0.777          9       1280: 47% ━━━━━╸────── 28/59 8.4s/it 4:06<4:20[K      24/50         0G      1.935     0.9484     0.7781         12       1280: 49% ━━━━━╸────── 29/59 8.4s/it 4:14<4:12[K      24/50         0G      1.937     0.9493     0.7767          9       1280: 50% ━━━━━━────── 30/59 8.4s/it 4:22<4:03[K      24/50         0G      1.925     0.9422      0.773         10       1280: 52% ━━━━━━────── 31/59 8.4s/it 4:31<3:56[K      24/50         0G      1.925     0.9345     0.7732         10       1280: 54% ━━━━━━╸───── 32/59 8.4s/it 4:39<3:47[K      24/50         0G       1.93     0.9435     0.7764         14       1280: 55% ━━━━━━╸───── 33/59 8.4s/it 4:48<3:38[K      24/50         0G      1.924     0.9415     0.7789          8       1280: 57% ━━━━━━╸───── 34/59 8.4s/it 4:56<3:29[K      24/50         0G      1.936     0.9431     0.7773         10       1280: 59% ━━━━━━━───── 35/59 8.3s/it 5:04<3:19[K      24/50         0G      1.926     0.9353     0.7766         10       1280: 61% ━━━━━━━───── 36/59 8.3s/it 5:12<3:12[K      24/50         0G      1.921     0.9393      0.778          9       1280: 62% ━━━━━━━╸──── 37/59 8.4s/it 5:21<3:04[K      24/50         0G      1.914     0.9404     0.7791         11       1280: 64% ━━━━━━━╸──── 38/59 8.4s/it 5:29<2:56[K      24/50         0G      1.902     0.9417      0.779         11       1280: 66% ━━━━━━━╸──── 39/59 8.6s/it 5:38<2:52[K      24/50         0G       1.92      0.949     0.7785         11       1280: 67% ━━━━━━━━──── 40/59 8.5s/it 5:47<2:42[K      24/50         0G      1.914     0.9504      0.778          6       1280: 69% ━━━━━━━━──── 41/59 8.4s/it 5:55<2:32[K      24/50         0G       1.91     0.9526     0.7802         13       1280: 71% ━━━━━━━━╸─── 42/59 8.4s/it 6:03<2:23[K      24/50         0G      1.907     0.9502     0.7792         11       1280: 72% ━━━━━━━━╸─── 43/59 8.5s/it 6:12<2:15[K      24/50         0G      1.905     0.9516     0.7792         10       1280: 74% ━━━━━━━━╸─── 44/59 8.6s/it 6:21<2:09[K      24/50         0G      1.901     0.9515     0.7772          8       1280: 76% ━━━━━━━━━─── 45/59 8.5s/it 6:29<1:60[K      24/50         0G      1.903     0.9479     0.7774         13       1280: 77% ━━━━━━━━━─── 46/59 8.5s/it 6:38<1:50[K      24/50         0G      1.908     0.9461     0.7795         10       1280: 79% ━━━━━━━━━╸── 47/59 8.4s/it 6:46<1:41[K      24/50         0G      1.901      0.948     0.7797          8       1280: 81% ━━━━━━━━━╸── 48/59 8.4s/it 6:54<1:32[K      24/50         0G      1.909     0.9484     0.7798         17       1280: 83% ━━━━━━━━━╸── 49/59 8.4s/it 7:03<1:24[K      24/50         0G      1.906      0.946      0.777          8       1280: 84% ━━━━━━━━━━── 50/59 8.3s/it 7:11<1:14[K      24/50         0G      1.908     0.9422     0.7783         13       1280: 86% ━━━━━━━━━━── 51/59 8.4s/it 7:19<1:07[K      24/50         0G      1.915     0.9454     0.7786         14       1280: 88% ━━━━━━━━━━╸─ 52/59 8.6s/it 7:29<1:00[K      24/50         0G      1.915     0.9441     0.7793         10       1280: 89% ━━━━━━━━━━╸─ 53/59 8.6s/it 7:37<51.8s[K      24/50         0G      1.913     0.9389     0.7784         12       1280: 91% ━━━━━━━━━━╸─ 54/59 8.7s/it 7:46<43.6s[K      24/50         0G      1.909     0.9342     0.7783         11       1280: 93% ━━━━━━━━━━━─ 55/59 8.8s/it 7:55<35.3s[K      24/50         0G      1.904     0.9337      0.776         15       1280: 94% ━━━━━━━━━━━─ 56/59 8.7s/it 8:04<26.0s[K      24/50         0G      1.904     0.9312     0.7744         11       1280: 96% ━━━━━━━━━━━╸ 57/59 8.6s/it 8:12<17.1s[K      24/50         0G      1.907     0.9279     0.7757         14       1280: 98% ━━━━━━━━━━━╸ 58/59 8.5s/it 8:20<8.5s[K      24/50         0G      1.907     0.9279     0.7757         14       1280: 100% ━━━━━━━━━━━━ 59/59 8.5s/it 8:20
[K                 Class     Images  Instances      Box(P          R      mAP50  mAP50-95): 11% ━─────────── 1/9 20.8s/it 6.2s<2:46[K                 Class     Images  Instances      Box(P          R      mAP50  mAP50-95): 22% ━━╸───────── 2/9 12.2s/it 12.4s<1:25[K                 Class     Images  Instances      Box(P          R      mAP50  mAP50-95): 33% ━━━━──────── 3/9 9.4s/it 18.6s<56.6s[K                 Class     Images  Instances      Box(P          R      mAP50  mAP50-95): 44% ━━━━━─────── 4/9 8.2s/it 24.9s<40.9s[K                 Class     Images  Instances      Box(P          R      mAP50  mAP50-95): 55% ━━━━━━╸───── 5/9 7.5s/it 31.1s<29.9s[K                 Class     Images  Instances      Box(P          R      mAP50  mAP50-95): 66% ━━━━━━━━──── 6/9 7.0s/it 37.3s<21.1s[K                 Class     Images  Instances      Box(P          R      mAP50  mAP50-95): 77% ━━━━━━━━━─── 7/9 6.8s/it 43.5s<13.5s[K                 Class     Images  Instances      Box(P          R      mAP50  mAP50-95): 88% ━━━━━━━━━━╸─ 8/9 6.6s/it 49.7s<6.6s[K                 Class     Images  Instances      Box(P          R      mAP50  mAP50-95): 100% ━━━━━━━━━━━━ 9/9 5.7s/it 51.4s
                   all        139        109      0.934       0.78      0.808      0.421

      Epoch    GPU_mem   box_loss   cls_loss   dfl_loss  Instances       Size
[K      25/50         0G      1.919      0.749     0.7358         14       1280: 0% ──────────── 0/59  9.6s[K      25/50         0G      1.771     0.7554     0.7437          9       1280: 1% ──────────── 1/59 29.0s/it 18.3s<28:04[K      25/50         0G      1.761     0.7595     0.7647         13       1280: 3% ──────────── 2/59 17.2s/it 27.1s<16:18[K      25/50         0G      1.881     0.8049     0.7779         15       1280: 5% ╸─────────── 3/59 13.3s/it 35.9s<12:27[K      25/50         0G      1.845     0.8143      0.764         17       1280: 6% ╸─────────── 4/59 11.4s/it 44.3s<10:24[K      25/50         0G      1.831     0.8101     0.7458         14       1280: 8% ━─────────── 5/59 10.3s/it 52.7s<9:15[K      25/50         0G      1.761     0.7815     0.7563          9       1280: 10% ━─────────── 6/59 9.6s/it 1:01<8:30[K      25/50         0G      1.778     0.7757     0.7588         13       1280: 11% ━─────────── 7/59 9.2s/it 1:09<7:59[K      25/50         0G      1.863     0.8051     0.7528          5       1280: 13% ━╸────────── 8/59 8.9s/it 1:18<7:36[K      25/50         0G      1.824     0.7852     0.7532          8       1280: 15% ━╸────────── 9/59 8.8s/it 1:26<7:22[K      25/50         0G      1.845     0.8392     0.7664         11       1280: 16% ━━────────── 10/59 8.7s/it 1:35<7:07[K      25/50         0G      1.839     0.8479     0.7641         10       1280: 18% ━━────────── 11/59 8.7s/it 1:43<6:57[K      25/50         0G      1.827     0.8612     0.7649         10       1280: 20% ━━────────── 12/59 8.6s/it 1:52<6:46[K      25/50         0G      1.833     0.8754     0.7703         16       1280: 22% ━━╸───────── 13/59 8.6s/it 2:01<6:35[K      25/50         0G      1.826     0.8681     0.7683         12       1280: 23% ━━╸───────── 14/59 8.5s/it 2:09<6:23[K      25/50         0G      1.828      0.884     0.7698         14       1280: 25% ━━━───────── 15/59 8.5s/it 2:17<6:12[K      25/50         0G       1.83     0.8945     0.7655         15       1280: 27% ━━━───────── 16/59 8.4s/it 2:25<6:01[K      25/50         0G       1.82     0.8853     0.7733         10       1280: 28% ━━━───────── 17/59 8.6s/it 2:34<5:60[K      25/50         0G      1.826     0.8891     0.7749         12       1280: 30% ━━━╸──────── 18/59 8.6s/it 2:43<5:53[K      25/50         0G      1.819     0.9028      0.776         13       1280: 32% ━━━╸──────── 19/59 8.7s/it 2:52<5:48[K      25/50         0G      1.835     0.9136     0.7706         11       1280: 33% ━━━━──────── 20/59 8.5s/it 3:00<5:33[K      25/50         0G      1.857       0.92     0.7776          8       1280: 35% ━━━━──────── 21/59 8.5s/it 3:09<5:23[K      25/50         0G      1.842      0.913     0.7791          8       1280: 37% ━━━━──────── 22/59 8.5s/it 3:17<5:16[K      25/50         0G      1.834      0.919     0.7794          7       1280: 38% ━━━━╸─────── 23/59 8.7s/it 3:26<5:13[K      25/50         0G      1.833     0.9176     0.7781         10       1280: 40% ━━━━╸─────── 24/59 8.5s/it 3:35<4:59[K      25/50         0G      1.835     0.9341     0.7795         13       1280: 42% ━━━━━─────── 25/59 8.7s/it 3:44<4:56[K      25/50         0G      1.818     0.9278      0.783          7       1280: 44% ━━━━━─────── 26/59 8.6s/it 3:52<4:44[K      25/50         0G      1.799     0.9174       0.78         11       1280: 45% ━━━━━─────── 27/59 8.5s/it 4:00<4:33[K      25/50         0G      1.796     0.9249     0.7785         10       1280: 47% ━━━━━╸────── 28/59 8.5s/it 4:09<4:23[K      25/50         0G      1.807     0.9253      0.774          6       1280: 49% ━━━━━╸────── 29/59 8.5s/it 4:17<4:14[K      25/50         0G      1.802     0.9218     0.7731         10       1280: 50% ━━━━━━────── 30/59 8.4s/it 4:25<4:03[K      25/50         0G      1.802     0.9306     0.7729          9       1280: 52% ━━━━━━────── 31/59 8.4s/it 4:34<3:55[K      25/50         0G      1.796     0.9345     0.7733         11       1280: 54% ━━━━━━╸───── 32/59 8.4s/it 4:42<3:46[K      25/50         0G      1.795     0.9425     0.7712         13       1280: 55% ━━━━━━╸───── 33/59 8.5s/it 4:51<3:41[K      25/50         0G      1.803     0.9376     0.7702         18       1280: 57% ━━━━━━╸───── 34/59 8.4s/it 4:59<3:30[K      25/50         0G      1.809     0.9383     0.7685         13       1280: 59% ━━━━━━━───── 35/59 8.4s/it 5:08<3:22[K      25/50         0G      1.811     0.9351     0.7676         15       1280: 61% ━━━━━━━───── 36/59 8.4s/it 5:16<3:14[K      25/50         0G      1.815     0.9347     0.7654         14       1280: 62% ━━━━━━━╸──── 37/59 8.4s/it 5:24<3:04[K      25/50         0G      1.818     0.9307     0.7691          9       1280: 64% ━━━━━━━╸──── 38/59 8.4s/it 5:33<2:56[K      25/50         0G      1.811     0.9231     0.7711          9       1280: 66% ━━━━━━━╸──── 39/59 8.6s/it 5:42<2:51[K      25/50         0G      1.819     0.9226     0.7692         13       1280: 67% ━━━━━━━━──── 40/59 8.5s/it 5:50<2:41[K      25/50         0G      1.815     0.9198     0.7693         17       1280: 69% ━━━━━━━━──── 41/59 8.6s/it 5:59<2:36[K      25/50         0G      1.818     0.9204     0.7684         13       1280: 71% ━━━━━━━━╸─── 42/59 8.6s/it 6:07<2:26[K      25/50         0G       1.82     0.9204     0.7687         15       1280: 72% ━━━━━━━━╸─── 43/59 8.5s/it 6:16<2:16[K      25/50         0G      1.817     0.9227     0.7697          7       1280: 74% ━━━━━━━━╸─── 44/59 8.6s/it 6:25<2:09[K      25/50         0G      1.813     0.9228     0.7699         11       1280: 76% ━━━━━━━━━─── 45/59 8.7s/it 6:34<2:02[K      25/50         0G       1.82     0.9271     0.7672         18       1280: 77% ━━━━━━━━━─── 46/59 8.6s/it 6:42<1:52[K      25/50         0G      1.821     0.9287     0.7679         10       1280: 79% ━━━━━━━━━╸── 47/59 8.5s/it 6:50<1:42[K      25/50         0G      1.822     0.9277      0.768         13       1280: 81% ━━━━━━━━━╸── 48/59 8.5s/it 6:59<1:33[K      25/50         0G      1.826     0.9272      0.767          8       1280: 83% ━━━━━━━━━╸── 49/59 8.4s/it 7:07<1:24[K      25/50         0G      1.826     0.9384     0.7688          8       1280: 84% ━━━━━━━━━━── 50/59 8.4s/it 7:15<1:16[K      25/50         0G      1.819      0.939     0.7702         11       1280: 86% ━━━━━━━━━━── 51/59 8.6s/it 7:24<1:09[K      25/50         0G      1.821     0.9431     0.7712         13       1280: 88% ━━━━━━━━━━╸─ 52/59 8.5s/it 7:33<59.3s[K      25/50         0G       1.82     0.9447     0.7707          6       1280: 89% ━━━━━━━━━━╸─ 53/59 8.4s/it 7:41<50.6s[K      25/50         0G      1.816     0.9396     0.7711         11       1280: 91% ━━━━━━━━━━╸─ 54/59 8.4s/it 7:49<42.1s[K      25/50         0G      1.813     0.9383      0.771         11       1280: 93% ━━━━━━━━━━━─ 55/59 8.4s/it 7:58<33.7s[K      25/50         0G      1.806     0.9325     0.7707         11       1280: 94% ━━━━━━━━━━━─ 56/59 8.4s/it 8:06<25.2s[K      25/50         0G       1.81     0.9357     0.7729          7       1280: 96% ━━━━━━━━━━━╸ 57/59 8.4s/it 8:14<16.8s[K      25/50         0G      1.805     0.9328     0.7725         10       1280: 98% ━━━━━━━━━━━╸ 58/59 8.4s/it 8:23<8.4s[K      25/50         0G      1.805     0.9328     0.7725         10       1280: 100% ━━━━━━━━━━━━ 59/59 8.5s/it 8:23
[K                 Class     Images  Instances      Box(P          R      mAP50  mAP50-95): 11% ━─────────── 1/9 20.9s/it 6.3s<2:47[K                 Class     Images  Instances      Box(P          R      mAP50  mAP50-95): 22% ━━╸───────── 2/9 12.2s/it 12.4s<1:25[K                 Class     Images  Instances      Box(P          R      mAP50  mAP50-95): 33% ━━━━──────── 3/9 9.4s/it 18.6s<56.5s[K                 Class     Images  Instances      Box(P          R      mAP50  mAP50-95): 44% ━━━━━─────── 4/9 8.2s/it 24.8s<40.8s[K                 Class     Images  Instances      Box(P          R      mAP50  mAP50-95): 55% ━━━━━━╸───── 5/9 7.4s/it 31.0s<29.8s[K                 Class     Images  Instances      Box(P          R      mAP50  mAP50-95): 66% ━━━━━━━━──── 6/9 7.0s/it 37.2s<21.0s[K                 Class     Images  Instances      Box(P          R      mAP50  mAP50-95): 77% ━━━━━━━━━─── 7/9 6.8s/it 43.4s<13.5s[K                 Class     Images  Instances      Box(P          R      mAP50  mAP50-95): 88% ━━━━━━━━━━╸─ 8/9 6.6s/it 49.6s<6.6s[K                 Class     Images  Instances      Box(P          R      mAP50  mAP50-95): 100% ━━━━━━━━━━━━ 9/9 5.7s/it 51.3s
                   all        139        109      0.934      0.779      0.804      0.424

      Epoch    GPU_mem   box_loss   cls_loss   dfl_loss  Instances       Size
[K      26/50         0G       1.39     0.7533     0.8046          7       1280: 0% ──────────── 0/59  9.8s[K      26/50         0G      1.524      0.823      0.751          8       1280: 1% ──────────── 1/59 28.6s/it 18.4s<27:37[K      26/50         0G      1.643     0.9812     0.7764          9       1280: 3% ──────────── 2/59 16.7s/it 26.9s<15:55[K      26/50         0G      1.742      1.005     0.7848         15       1280: 5% ╸─────────── 3/59 13.0s/it 35.5s<12:10[K      26/50         0G      1.809     0.9954     0.7989         10       1280: 6% ╸─────────── 4/59 11.2s/it 43.9s<10:17[K      26/50         0G      1.822      1.001     0.7905          9       1280: 8% ━─────────── 5/59 10.2s/it 52.4s<9:12[K      26/50         0G      1.812     0.9627     0.7887         11       1280: 10% ━─────────── 6/59 9.5s/it 1:00<8:21[K      26/50         0G      1.845      1.003     0.7861         13       1280: 11% ━─────────── 7/59 9.1s/it 1:09<7:53[K      26/50         0G      1.867      0.991     0.7902          9       1280: 13% ━╸────────── 8/59 8.9s/it 1:17<7:33[K      26/50         0G      1.859     0.9784     0.7798          7       1280: 15% ━╸────────── 9/59 8.8s/it 1:26<7:18[K      26/50         0G      1.866     0.9952     0.7738         15       1280: 16% ━━────────── 10/59 8.5s/it 1:34<6:58[K      26/50         0G      1.924      1.047     0.7747          5       1280: 18% ━━────────── 11/59 8.4s/it 1:42<6:43[K      26/50         0G      1.943      1.059     0.7763          6       1280: 20% ━━────────── 12/59 8.2s/it 1:50<6:24[K      26/50         0G      1.937      1.049     0.7734         14       1280: 22% ━━╸───────── 13/59 8.2s/it 1:58<6:18[K      26/50         0G      1.923      1.064     0.7612          7       1280: 23% ━━╸───────── 14/59 8.1s/it 2:06<6:05[K      26/50         0G      1.926      1.046     0.7595         13       1280: 25% ━━━───────── 15/59 8.2s/it 2:14<6:02[K      26/50         0G       1.92      1.021     0.7631         11       1280: 27% ━━━───────── 16/59 8.2s/it 2:22<5:54[K      26/50         0G       1.92      1.016     0.7633         11       1280: 28% ━━━───────── 17/59 8.2s/it 2:31<5:46[K      26/50         0G      1.903      1.009     0.7594          5       1280: 30% ━━━╸──────── 18/59 8.2s/it 2:39<5:36[K      26/50         0G      1.898     0.9991     0.7698         11       1280: 32% ━━━╸──────── 19/59 8.2s/it 2:47<5:28[K      26/50         0G      1.901       0.99     0.7687         18       1280: 33% ━━━━──────── 20/59 8.2s/it 2:55<5:18[K      26/50         0G      1.906     0.9888      0.768         14       1280: 35% ━━━━──────── 21/59 8.2s/it 3:03<5:10[K      26/50         0G      1.899     0.9812     0.7649          8       1280: 37% ━━━━──────── 22/59 8.2s/it 3:11<5:03[K      26/50         0G      1.898     0.9709     0.7685         11       1280: 38% ━━━━╸─────── 23/59 8.3s/it 3:20<4:58[K      26/50         0G      1.887     0.9644     0.7677         11       1280: 40% ━━━━╸─────── 24/59 8.2s/it 3:28<4:48[K      26/50         0G       1.89     0.9673     0.7658          8       1280: 42% ━━━━━─────── 25/59 8.3s/it 3:37<4:44[K      26/50         0G      1.892     0.9661     0.7662         15       1280: 44% ━━━━━─────── 26/59 8.4s/it 3:45<4:36[K      26/50         0G      1.894     0.9584     0.7624         13       1280: 45% ━━━━━─────── 27/59 8.3s/it 3:53<4:27[K      26/50         0G      1.905     0.9506      0.762         14       1280: 47% ━━━━━╸────── 28/59 8.4s/it 4:02<4:19[K      26/50         0G      1.898     0.9558     0.7605         11       1280: 49% ━━━━━╸────── 29/59 8.5s/it 4:11<4:15[K      26/50         0G      1.894     0.9496     0.7609         13       1280: 50% ━━━━━━────── 30/59 8.4s/it 4:19<4:04[K      26/50         0G      1.889     0.9507     0.7603         15       1280: 52% ━━━━━━────── 31/59 8.5s/it 4:28<3:58[K      26/50         0G      1.873     0.9423     0.7568          6       1280: 54% ━━━━━━╸───── 32/59 8.5s/it 4:36<3:48[K      26/50         0G      1.867     0.9408     0.7554         10       1280: 55% ━━━━━━╸───── 33/59 8.4s/it 4:44<3:40[K      26/50         0G      1.865     0.9409     0.7565         20       1280: 57% ━━━━━━╸───── 34/59 8.4s/it 4:53<3:31[K      26/50         0G      1.877     0.9419     0.7551         16       1280: 59% ━━━━━━━───── 35/59 8.4s/it 5:01<3:21[K      26/50         0G      1.872     0.9348     0.7557         11       1280: 61% ━━━━━━━───── 36/59 8.4s/it 5:10<3:14[K      26/50         0G      1.859     0.9257     0.7587          9       1280: 62% ━━━━━━━╸──── 37/59 8.6s/it 5:19<3:09[K      26/50         0G      1.854     0.9198     0.7557         12       1280: 64% ━━━━━━━╸──── 38/59 8.5s/it 5:27<2:59[K      26/50         0G      1.851     0.9188     0.7566         10       1280: 66% ━━━━━━━╸──── 39/59 8.6s/it 5:36<2:53[K      26/50         0G      1.844     0.9151     0.7576         11       1280: 67% ━━━━━━━━──── 40/59 8.5s/it 5:44<2:42[K      26/50         0G       1.85     0.9094     0.7565         15       1280: 69% ━━━━━━━━──── 41/59 8.5s/it 5:52<2:32[K      26/50         0G      1.846     0.9081     0.7563         14       1280: 71% ━━━━━━━━╸─── 42/59 8.5s/it 6:01<2:24[K      26/50         0G       1.85     0.9049     0.7577         14       1280: 72% ━━━━━━━━╸─── 43/59 8.6s/it 6:10<2:18[K      26/50         0G       1.86     0.9059     0.7574         15       1280: 74% ━━━━━━━━╸─── 44/59 8.7s/it 6:19<2:11[K      26/50         0G      1.873      0.916     0.7558          9       1280: 76% ━━━━━━━━━─── 45/59 8.7s/it 6:28<2:02[K      26/50         0G      1.878     0.9152     0.7553         11       1280: 77% ━━━━━━━━━─── 46/59 8.7s/it 6:36<1:53[K      26/50         0G      1.876     0.9113     0.7544         14       1280: 79% ━━━━━━━━━╸── 47/59 8.8s/it 6:45<1:46[K      26/50         0G      1.871     0.9139     0.7537         10       1280: 81% ━━━━━━━━━╸── 48/59 8.8s/it 6:54<1:37[K      26/50         0G      1.872     0.9184     0.7535         12       1280: 83% ━━━━━━━━━╸── 49/59 8.8s/it 7:03<1:28[K      26/50         0G      1.865     0.9165     0.7537          7       1280: 84% ━━━━━━━━━━── 50/59 8.8s/it 7:12<1:19[K      26/50         0G       1.86     0.9147     0.7532         11       1280: 86% ━━━━━━━━━━── 51/59 8.8s/it 7:21<1:11[K      26/50         0G      1.864     0.9143     0.7538         17       1280: 88% ━━━━━━━━━━╸─ 52/59 8.7s/it 7:29<1:01[K      26/50         0G       1.86     0.9179     0.7534         11       1280: 89% ━━━━━━━━━━╸─ 53/59 8.7s/it 7:38<52.2s[K      26/50         0G      1.858     0.9207     0.7537         12       1280: 91% ━━━━━━━━━━╸─ 54/59 8.7s/it 7:46<43.6s[K      26/50         0G      1.861     0.9224     0.7527         12       1280: 93% ━━━━━━━━━━━─ 55/59 8.7s/it 7:55<34.8s[K      26/50         0G       1.86     0.9241     0.7524         10       1280: 94% ━━━━━━━━━━━─ 56/59 8.6s/it 8:03<25.8s[K      26/50         0G       1.86     0.9265      0.753         20       1280: 96% ━━━━━━━━━━━╸ 57/59 8.7s/it 8:12<17.3s[K      26/50         0G      1.851     0.9226     0.7541         11       1280: 98% ━━━━━━━━━━━╸ 58/59 8.5s/it 8:21<8.5s[K      26/50         0G      1.851     0.9226     0.7541         11       1280: 100% ━━━━━━━━━━━━ 59/59 8.5s/it 8:21
[K                 Class     Images  Instances      Box(P          R      mAP50  mAP50-95): 11% ━─────────── 1/9 20.7s/it 6.2s<2:46[K                 Class     Images  Instances      Box(P          R      mAP50  mAP50-95): 22% ━━╸───────── 2/9 12.1s/it 12.4s<1:25[K                 Class     Images  Instances      Box(P          R      mAP50  mAP50-95): 33% ━━━━──────── 3/9 9.4s/it 18.6s<56.4s[K                 Class     Images  Instances      Box(P          R      mAP50  mAP50-95): 44% ━━━━━─────── 4/9 8.2s/it 24.8s<40.8s[K                 Class     Images  Instances      Box(P          R      mAP50  mAP50-95): 55% ━━━━━━╸───── 5/9 7.4s/it 31.0s<29.8s[K                 Class     Images  Instances      Box(P          R      mAP50  mAP50-95): 66% ━━━━━━━━──── 6/9 7.0s/it 37.2s<21.1s[K                 Class     Images  Instances      Box(P          R      mAP50  mAP50-95): 77% ━━━━━━━━━─── 7/9 6.7s/it 43.4s<13.5s[K                 Class     Images  Instances      Box(P          R      mAP50  mAP50-95): 88% ━━━━━━━━━━╸─ 8/9 6.6s/it 49.6s<6.6s[K                 Class     Images  Instances      Box(P          R      mAP50  mAP50-95): 100% ━━━━━━━━━━━━ 9/9 5.7s/it 51.3s
                   all        139        109      0.944      0.768      0.819      0.418

      Epoch    GPU_mem   box_loss   cls_loss   dfl_loss  Instances       Size
[K      27/50         0G      1.691     0.6977     0.7691         11       1280: 0% ──────────── 0/59  9.4s[K      27/50         0G      1.638     0.7189     0.7422         11       1280: 1% ──────────── 1/59 29.8s/it 18.3s<28:50[K      27/50         0G      1.761      0.789     0.7255         12       1280: 3% ──────────── 2/59 16.7s/it 26.6s<15:54[K      27/50         0G      1.965     0.9501     0.7349         12       1280: 5% ╸─────────── 3/59 12.8s/it 34.9s<11:58[K      27/50         0G       1.94      0.904      0.726         16       1280: 6% ╸─────────── 4/59 11.0s/it 43.2s<10:06[K      27/50         0G      1.889     0.9215     0.7284          8       1280: 8% ━─────────── 5/59 10.1s/it 51.5s<9:03[K      27/50         0G       1.89     0.8951      0.744         11       1280: 10% ━─────────── 6/59 9.7s/it 1:01<8:35[K      27/50         0G      1.957     0.9058     0.7458         10       1280: 11% ━─────────── 7/59 9.2s/it 1:09<7:58[K      27/50         0G       1.97      0.917     0.7496         14       1280: 13% ━╸────────── 8/59 9.1s/it 1:18<7:42[K      27/50         0G      2.028     0.9343     0.7475         13       1280: 15% ━╸────────── 9/59 8.9s/it 1:26<7:24[K      27/50         0G      2.003     0.9351     0.7436         10       1280: 16% ━━────────── 10/59 8.7s/it 1:34<7:08[K      27/50         0G          2     0.9302     0.7515         11       1280: 18% ━━────────── 11/59 8.8s/it 1:43<7:02[K      27/50         0G      1.951     0.9041     0.7488          9       1280: 20% ━━────────── 12/59 8.7s/it 1:52<6:47[K      27/50         0G      1.952     0.9068     0.7485         14       1280: 22% ━━╸───────── 13/59 8.7s/it 2:01<6:41[K      27/50         0G       1.92     0.8968     0.7488         10       1280: 23% ━━╸───────── 14/59 8.6s/it 2:09<6:28[K      27/50         0G      1.887     0.8861      0.744          6       1280: 25% ━━━───────── 15/59 8.6s/it 2:18<6:19[K      27/50         0G      1.869     0.8834     0.7461          8       1280: 27% ━━━───────── 16/59 8.5s/it 2:26<6:06[K      27/50         0G      1.856     0.8738     0.7494         10       1280: 28% ━━━───────── 17/59 8.5s/it 2:34<5:57[K      27/50         0G       1.85     0.8787     0.7525         10       1280: 30% ━━━╸──────── 18/59 8.4s/it 2:43<5:45[K      27/50         0G      1.836     0.8759     0.7532         12       1280: 32% ━━━╸──────── 19/59 8.5s/it 2:51<5:41[K      27/50         0G      1.827     0.8654      0.754         12       1280: 33% ━━━━──────── 20/59 8.4s/it 2:60<5:29[K      27/50         0G      1.822      0.862     0.7508         11       1280: 35% ━━━━──────── 21/59 8.4s/it 3:08<5:20[K      27/50         0G      1.833     0.8987     0.7528         15       1280: 37% ━━━━──────── 22/59 8.4s/it 3:16<5:12[K      27/50         0G      1.827     0.8913     0.7527          8       1280: 38% ━━━━╸─────── 23/59 8.4s/it 3:25<5:03[K      27/50         0G       1.82     0.8948      0.754         18       1280: 40% ━━━━╸─────── 24/59 8.4s/it 3:33<4:53[K      27/50         0G      1.816     0.8979     0.7605          5       1280: 42% ━━━━━─────── 25/59 8.4s/it 3:41<4:44[K      27/50         0G      1.825     0.9039     0.7573         13       1280: 44% ━━━━━─────── 26/59 8.4s/it 3:50<4:36[K      27/50         0G      1.833     0.9042     0.7546         16       1280: 45% ━━━━━─────── 27/59 8.5s/it 3:58<4:31[K      27/50         0G      1.838     0.9042     0.7541         12       1280: 47% ━━━━━╸────── 28/59 8.5s/it 4:07<4:23[K      27/50         0G      1.831     0.8977     0.7567         10       1280: 49% ━━━━━╸────── 29/59 8.6s/it 4:16<4:18[K      27/50         0G      1.834     0.8911     0.7554         15       1280: 50% ━━━━━━────── 30/59 8.6s/it 4:24<4:09[K      27/50         0G      1.829     0.8912     0.7534         13       1280: 52% ━━━━━━────── 31/59 8.5s/it 4:33<3:58[K      27/50         0G      1.828     0.8905     0.7523         10       1280: 54% ━━━━━━╸───── 32/59 8.4s/it 4:41<3:47[K      27/50         0G      1.826     0.8934     0.7498         11       1280: 55% ━━━━━━╸───── 33/59 8.3s/it 4:49<3:36[K      27/50         0G      1.826     0.8914     0.7517         14       1280: 57% ━━━━━━╸───── 34/59 8.3s/it 4:57<3:28[K      27/50         0G      1.832     0.8934     0.7517          9       1280: 59% ━━━━━━━───── 35/59 8.3s/it 5:06<3:20[K      27/50         0G      1.836      0.893     0.7531          9       1280: 61% ━━━━━━━───── 36/59 8.4s/it 5:14<3:13[K      27/50         0G      1.853     0.8908     0.7583          9       1280: 62% ━━━━━━━╸──── 37/59 8.4s/it 5:23<3:05[K      27/50         0G      1.854     0.8878     0.7584         10       1280: 64% ━━━━━━━╸──── 38/59 8.4s/it 5:31<2:56[K      27/50         0G      1.852     0.8879     0.7586         13       1280: 66% ━━━━━━━╸──── 39/59 8.4s/it 5:40<2:48[K      27/50         0G      1.859     0.8895     0.7555         13       1280: 67% ━━━━━━━━──── 40/59 8.4s/it 5:48<2:39[K      27/50         0G      1.854     0.8872     0.7568         10       1280: 69% ━━━━━━━━──── 41/59 8.6s/it 5:57<2:35[K      27/50         0G      1.848     0.8894      0.755         11       1280: 71% ━━━━━━━━╸─── 42/59 8.5s/it 6:05<2:25[K      27/50         0G      1.835     0.8839     0.7549         11       1280: 72% ━━━━━━━━╸─── 43/59 8.5s/it 6:14<2:16[K      27/50         0G      1.828     0.8813     0.7547         12       1280: 74% ━━━━━━━━╸─── 44/59 8.5s/it 6:22<2:07[K      27/50         0G      1.834     0.8859     0.7561          3       1280: 76% ━━━━━━━━━─── 45/59 8.4s/it 6:30<1:58[K      27/50         0G      1.843     0.8947     0.7575         10       1280: 77% ━━━━━━━━━─── 46/59 8.4s/it 6:39<1:49[K      27/50         0G      1.848     0.9084     0.7584         12       1280: 79% ━━━━━━━━━╸── 47/59 8.4s/it 6:47<1:41[K      27/50         0G      1.855     0.9126     0.7569         13       1280: 81% ━━━━━━━━━╸── 48/59 8.4s/it 6:56<1:33[K      27/50         0G      1.857     0.9124     0.7579         13       1280: 83% ━━━━━━━━━╸── 49/59 8.5s/it 7:04<1:25[K      27/50         0G      1.856     0.9129      0.757          6       1280: 84% ━━━━━━━━━━── 50/59 8.6s/it 7:13<1:18[K      27/50         0G      1.856      0.918     0.7582          6       1280: 86% ━━━━━━━━━━── 51/59 8.7s/it 7:22<1:09[K      27/50         0G      1.847     0.9129     0.7578         12       1280: 88% ━━━━━━━━━━╸─ 52/59 8.6s/it 7:31<1:00[K      27/50         0G       1.86      0.915     0.7597         17       1280: 89% ━━━━━━━━━━╸─ 53/59 8.5s/it 7:39<51.2s[K      27/50         0G      1.863     0.9134     0.7605         11       1280: 91% ━━━━━━━━━━╸─ 54/59 8.5s/it 7:47<42.5s[K      27/50         0G      1.863     0.9103     0.7608         13       1280: 93% ━━━━━━━━━━━─ 55/59 8.5s/it 7:56<34.0s[K      27/50         0G      1.868     0.9123      0.762         15       1280: 94% ━━━━━━━━━━━─ 56/59 8.5s/it 8:04<25.5s[K      27/50         0G      1.868     0.9135     0.7629          6       1280: 96% ━━━━━━━━━━━╸ 57/59 8.5s/it 8:13<16.9s[K      27/50         0G      1.868     0.9117     0.7626         11       1280: 98% ━━━━━━━━━━━╸ 58/59 8.5s/it 8:21<8.5s[K      27/50         0G      1.868     0.9117     0.7626         11       1280: 100% ━━━━━━━━━━━━ 59/59 8.5s/it 8:21
[K                 Class     Images  Instances      Box(P          R      mAP50  mAP50-95): 11% ━─────────── 1/9 20.8s/it 6.3s<2:47[K                 Class     Images  Instances      Box(P          R      mAP50  mAP50-95): 22% ━━╸───────── 2/9 12.2s/it 12.5s<1:25[K                 Class     Images  Instances      Box(P          R      mAP50  mAP50-95): 33% ━━━━──────── 3/9 9.5s/it 18.7s<56.7s[K                 Class     Images  Instances      Box(P          R      mAP50  mAP50-95): 44% ━━━━━─────── 4/9 8.2s/it 24.9s<40.9s[K                 Class     Images  Instances      Box(P          R      mAP50  mAP50-95): 55% ━━━━━━╸───── 5/9 7.5s/it 31.1s<29.9s[K                 Class     Images  Instances      Box(P          R      mAP50  mAP50-95): 66% ━━━━━━━━──── 6/9 7.0s/it 37.3s<21.1s[K                 Class     Images  Instances      Box(P          R      mAP50  mAP50-95): 77% ━━━━━━━━━─── 7/9 6.8s/it 43.5s<13.5s[K                 Class     Images  Instances      Box(P          R      mAP50  mAP50-95): 88% ━━━━━━━━━━╸─ 8/9 6.6s/it 49.7s<6.6s[K                 Class     Images  Instances      Box(P          R      mAP50  mAP50-95): 100% ━━━━━━━━━━━━ 9/9 5.7s/it 51.4s
                   all        139        109      0.933      0.761      0.815      0.455

      Epoch    GPU_mem   box_loss   cls_loss   dfl_loss  Instances       Size
[K      28/50         0G      1.737     0.7514     0.7314         10       1280: 0% ──────────── 0/59  9.7s[K      28/50         0G      1.784     0.7885     0.7646         11       1280: 1% ──────────── 1/59 30.1s/it 18.7s<29:03[K      28/50         0G      1.733     0.8099      0.782         13       1280: 3% ──────────── 2/59 16.9s/it 27.1s<16:02[K      28/50         0G      1.763     0.8716     0.7701         11       1280: 5% ╸─────────── 3/59 13.0s/it 35.6s<12:10[K      28/50         0G      1.751     0.8212     0.7839         12       1280: 6% ╸─────────── 4/59 11.5s/it 44.5s<10:31[K      28/50         0G      1.713     0.8906     0.7893          8       1280: 8% ━─────────── 5/59 10.6s/it 53.5s<9:32[K      28/50         0G      1.691     0.8785     0.7824          9       1280: 10% ━─────────── 6/59 9.9s/it 1:02<8:43[K      28/50         0G      1.731     0.9283     0.7711         11       1280: 11% ━─────────── 7/59 9.5s/it 1:11<8:14[K      28/50         0G      1.777     0.9291     0.7466         11       1280: 13% ━╸────────── 8/59 9.1s/it 1:19<7:46[K      28/50         0G       1.85     0.9932     0.7399         13       1280: 15% ━╸────────── 9/59 8.9s/it 1:27<7:23[K      28/50         0G      1.854      0.977      0.735         10       1280: 16% ━━────────── 10/59 8.7s/it 1:36<7:07[K      28/50         0G      1.895     0.9804     0.7474         10       1280: 18% ━━────────── 11/59 8.8s/it 1:45<7:02[K      28/50         0G      1.854     0.9592     0.7496          5       1280: 20% ━━────────── 12/59 8.6s/it 1:53<6:45[K      28/50         0G      1.833     0.9588      0.751         13       1280: 22% ━━╸───────── 13/59 8.7s/it 2:02<6:41[K      28/50         0G      1.833     0.9489     0.7515         10       1280: 23% ━━╸───────── 14/59 8.6s/it 2:10<6:26[K      28/50         0G      1.849     0.9433     0.7496         10       1280: 25% ━━━───────── 15/59 8.6s/it 2:19<6:17[K      28/50         0G      1.871     0.9476     0.7479          9       1280: 27% ━━━───────── 16/59 8.6s/it 2:28<6:10[K      28/50         0G      1.851     0.9331     0.7502          9       1280: 28% ━━━───────── 17/59 8.8s/it 2:37<6:08[K      28/50         0G      1.875     0.9413     0.7458         13       1280: 30% ━━━╸──────── 18/59 8.8s/it 2:46<6:01[K      28/50         0G       1.88     0.9383      0.749         11       1280: 32% ━━━╸──────── 19/59 8.9s/it 2:55<5:55[K      28/50         0G      1.905      0.935     0.7438          9       1280: 33% ━━━━──────── 20/59 8.7s/it 3:03<5:41[K      28/50         0G      1.902     0.9265     0.7429          9       1280: 35% ━━━━──────── 21/59 8.8s/it 3:12<5:34[K      28/50         0G      1.894      0.917     0.7512          8       1280: 37% ━━━━──────── 22/59 8.8s/it 3:21<5:24[K      28/50         0G      1.894     0.9158     0.7485         16       1280: 38% ━━━━╸─────── 23/59 8.7s/it 3:29<5:12[K      28/50         0G      1.892     0.9167     0.7499         11       1280: 40% ━━━━╸─────── 24/59 8.6s/it 3:37<4:60[K      28/50         0G      1.893     0.9149     0.7519         15       1280: 42% ━━━━━─────── 25/59 8.6s/it 3:46<4:52[K      28/50         0G      1.899     0.9105     0.7538         13       1280: 44% ━━━━━─────── 26/59 8.6s/it 3:55<4:42[K      28/50         0G      1.889     0.9011     0.7489          9       1280: 45% ━━━━━─────── 27/59 8.6s/it 4:03<4:37[K      28/50         0G      1.879     0.8994     0.7468         10       1280: 47% ━━━━━╸────── 28/59 8.6s/it 4:12<4:25[K      28/50         0G      1.876     0.9027     0.7489         11       1280: 49% ━━━━━╸────── 29/59 8.5s/it 4:20<4:14[K      28/50         0G      1.884     0.9042     0.7481         10       1280: 50% ━━━━━━────── 30/59 8.5s/it 4:29<4:05[K      28/50         0G      1.872     0.9171      0.751          9       1280: 52% ━━━━━━────── 31/59 8.4s/it 4:37<3:56[K      28/50         0G      1.871       0.92     0.7562          9       1280: 54% ━━━━━━╸───── 32/59 8.6s/it 4:46<3:52[K      28/50         0G      1.874     0.9287     0.7559          6       1280: 55% ━━━━━━╸───── 33/59 8.5s/it 4:54<3:41[K      28/50         0G      1.885     0.9482     0.7557         16       1280: 57% ━━━━━━╸───── 34/59 8.4s/it 5:02<3:30[K      28/50         0G      1.882      0.943     0.7596          9       1280: 59% ━━━━━━━───── 35/59 8.4s/it 5:11<3:22[K      28/50         0G      1.878     0.9375     0.7607         12       1280: 61% ━━━━━━━───── 36/59 8.4s/it 5:19<3:13[K      28/50         0G       1.86     0.9345     0.7632          9       1280: 62% ━━━━━━━╸──── 37/59 8.4s/it 5:27<3:04[K      28/50         0G      1.853     0.9498     0.7645          9       1280: 64% ━━━━━━━╸──── 38/59 8.4s/it 5:36<2:56[K      28/50         0G      1.845     0.9565     0.7647          8       1280: 66% ━━━━━━━╸──── 39/59 8.6s/it 5:45<2:52[K      28/50         0G      1.843     0.9524     0.7674         13       1280: 67% ━━━━━━━━──── 40/59 8.5s/it 5:53<2:42[K      28/50         0G      1.849     0.9531     0.7678         12       1280: 69% ━━━━━━━━──── 41/59 8.6s/it 6:02<2:35[K      28/50         0G      1.837     0.9451     0.7718          8       1280: 71% ━━━━━━━━╸─── 42/59 8.5s/it 6:10<2:25[K      28/50         0G      1.831     0.9439     0.7738          9       1280: 72% ━━━━━━━━╸─── 43/59 8.5s/it 6:19<2:16[K      28/50         0G      1.833     0.9419     0.7732          9       1280: 74% ━━━━━━━━╸─── 44/59 8.5s/it 6:27<2:08[K      28/50         0G      1.844     0.9427     0.7732         20       1280: 76% ━━━━━━━━━─── 45/59 8.4s/it 6:36<1:57[K      28/50         0G      1.859     0.9426     0.7734          9       1280: 77% ━━━━━━━━━─── 46/59 8.6s/it 6:45<1:52[K      28/50         0G       1.86     0.9413     0.7726          6       1280: 79% ━━━━━━━━━╸── 47/59 8.6s/it 6:54<1:44[K      28/50         0G      1.872     0.9452     0.7727          9       1280: 81% ━━━━━━━━━╸── 48/59 8.5s/it 7:02<1:34[K      28/50         0G      1.871     0.9419     0.7717          4       1280: 83% ━━━━━━━━━╸── 49/59 8.6s/it 7:10<1:26[K      28/50         0G       1.87      0.941     0.7725          8       1280: 84% ━━━━━━━━━━── 50/59 8.5s/it 7:19<1:16[K      28/50         0G      1.871     0.9397     0.7735         14       1280: 86% ━━━━━━━━━━── 51/59 8.5s/it 7:27<1:08[K      28/50         0G      1.873     0.9365     0.7725         14       1280: 88% ━━━━━━━━━━╸─ 52/59 8.4s/it 7:35<58.6s[K      28/50         0G      1.865     0.9351     0.7717          8       1280: 89% ━━━━━━━━━━╸─ 53/59 8.6s/it 7:45<51.9s[K      28/50         0G      1.877     0.9485     0.7723          7       1280: 91% ━━━━━━━━━━╸─ 54/59 8.6s/it 7:53<42.9s[K      28/50         0G      1.875     0.9482     0.7717         10       1280: 93% ━━━━━━━━━━━─ 55/59 8.5s/it 8:01<34.1s[K      28/50         0G      1.876     0.9536     0.7723         12       1280: 94% ━━━━━━━━━━━─ 56/59 8.5s/it 8:10<25.4s[K      28/50         0G      1.875     0.9551     0.7717         17       1280: 96% ━━━━━━━━━━━╸ 57/59 8.5s/it 8:18<16.9s[K      28/50         0G      1.875     0.9524     0.7721         14       1280: 98% ━━━━━━━━━━━╸ 58/59 8.4s/it 8:26<8.4s[K      28/50         0G      1.875     0.9524     0.7721         14       1280: 100% ━━━━━━━━━━━━ 59/59 8.6s/it 8:26
[K                 Class     Images  Instances      Box(P          R      mAP50  mAP50-95): 11% ━─────────── 1/9 20.8s/it 6.2s<2:46[K                 Class     Images  Instances      Box(P          R      mAP50  mAP50-95): 22% ━━╸───────── 2/9 12.1s/it 12.4s<1:25[K                 Class     Images  Instances      Box(P          R      mAP50  mAP50-95): 33% ━━━━──────── 3/9 9.4s/it 18.6s<56.6s[K                 Class     Images  Instances      Box(P          R      mAP50  mAP50-95): 44% ━━━━━─────── 4/9 8.2s/it 24.8s<40.9s[K                 Class     Images  Instances      Box(P          R      mAP50  mAP50-95): 55% ━━━━━━╸───── 5/9 7.5s/it 31.0s<29.9s[K                 Class     Images  Instances      Box(P          R      mAP50  mAP50-95): 66% ━━━━━━━━──── 6/9 7.0s/it 37.2s<21.1s[K                 Class     Images  Instances      Box(P          R      mAP50  mAP50-95): 77% ━━━━━━━━━─── 7/9 6.8s/it 43.5s<13.5s[K                 Class     Images  Instances      Box(P          R      mAP50  mAP50-95): 88% ━━━━━━━━━━╸─ 8/9 6.6s/it 49.6s<6.6s[K                 Class     Images  Instances      Box(P          R      mAP50  mAP50-95): 100% ━━━━━━━━━━━━ 9/9 5.7s/it 51.4s
                   all        139        109       0.87      0.743      0.805       0.43

      Epoch    GPU_mem   box_loss   cls_loss   dfl_loss  Instances       Size
[K      29/50         0G      2.126     0.8469     0.7315         13       1280: 0% ──────────── 0/59  9.4s[K      29/50         0G      1.877      0.985     0.7799          8       1280: 1% ──────────── 1/59 29.7s/it 18.4s<28:43[K      29/50         0G      1.726     0.9383     0.7624         13       1280: 3% ──────────── 2/59 17.5s/it 27.3s<16:36[K      29/50         0G       1.66     0.8881     0.7589         10       1280: 5% ╸─────────── 3/59 13.4s/it 35.9s<12:28[K      29/50         0G      1.743      0.867     0.7878         10       1280: 6% ╸─────────── 4/59 11.3s/it 44.3s<10:24[K      29/50         0G      1.704     0.8705     0.7865          9       1280: 8% ━─────────── 5/59 10.4s/it 53.0s<9:22[K      29/50         0G      1.677     0.8485     0.7827         12       1280: 10% ━─────────── 6/59 9.7s/it 1:01<8:34[K      29/50         0G       1.68     0.8431     0.7788         16       1280: 11% ━─────────── 7/59 9.2s/it 1:10<8:01[K      29/50         0G      1.692     0.8918     0.7672         12       1280: 13% ━╸────────── 8/59 8.9s/it 1:18<7:35[K      29/50         0G       1.69     0.8828     0.7699          8       1280: 15% ━╸────────── 9/59 8.9s/it 1:27<7:26[K      29/50         0G      1.708     0.8884     0.7651         16       1280: 16% ━━────────── 10/59 8.7s/it 1:35<7:08[K      29/50         0G      1.684     0.8796     0.7557         12       1280: 18% ━━────────── 11/59 8.7s/it 1:44<6:56[K      29/50         0G       1.69     0.8766     0.7521         10       1280: 20% ━━────────── 12/59 8.5s/it 1:52<6:41[K      29/50         0G      1.687     0.8632      0.753         14       1280: 22% ━━╸───────── 13/59 8.5s/it 2:00<6:31[K      29/50         0G      1.669     0.8665     0.7551         12       1280: 23% ━━╸───────── 14/59 8.4s/it 2:09<6:20[K      29/50         0G      1.667     0.8598     0.7534         16       1280: 25% ━━━───────── 15/59 8.4s/it 2:17<6:09[K      29/50         0G      1.673     0.8615     0.7507         11       1280: 27% ━━━───────── 16/59 8.4s/it 2:25<6:02[K      29/50         0G      1.671     0.8569     0.7522         14       1280: 28% ━━━───────── 17/59 8.4s/it 2:34<5:54[K      29/50         0G      1.657     0.8485     0.7564          9       1280: 30% ━━━╸──────── 18/59 8.4s/it 2:42<5:43[K      29/50         0G      1.651     0.8567     0.7579         11       1280: 32% ━━━╸──────── 19/59 8.4s/it 2:51<5:36[K      29/50         0G      1.636     0.8603     0.7607          8       1280: 33% ━━━━──────── 20/59 8.4s/it 2:59<5:27[K      29/50         0G      1.637      0.856     0.7656         14       1280: 35% ━━━━──────── 21/59 8.4s/it 3:07<5:19[K      29/50         0G      1.625     0.8611     0.7674         11       1280: 37% ━━━━──────── 22/59 8.4s/it 3:16<5:10[K      29/50         0G      1.622     0.8608     0.7656         14       1280: 38% ━━━━╸─────── 23/59 8.5s/it 3:24<5:04[K      29/50         0G      1.612     0.8593     0.7612          6       1280: 40% ━━━━╸─────── 24/59 8.7s/it 3:34<5:03[K      29/50         0G      1.632     0.8608     0.7579         13       1280: 42% ━━━━━─────── 25/59 8.6s/it 3:42<4:51[K      29/50         0G      1.638     0.8711     0.7594          7       1280: 44% ━━━━━─────── 26/59 8.5s/it 3:50<4:39[K      29/50         0G      1.635     0.8691     0.7614         11       1280: 45% ━━━━━─────── 27/59 8.4s/it 3:58<4:27[K      29/50         0G      1.636     0.8667     0.7596         13       1280: 47% ━━━━━╸────── 28/59 8.4s/it 4:07<4:20[K      29/50         0G      1.637     0.8596     0.7573         13       1280: 49% ━━━━━╸────── 29/59 8.4s/it 4:15<4:11[K      29/50         0G      1.653     0.8583     0.7564         10       1280: 50% ━━━━━━────── 30/59 8.4s/it 4:23<4:04[K      29/50         0G      1.655     0.8601     0.7564         13       1280: 52% ━━━━━━────── 31/59 8.6s/it 4:33<4:01[K      29/50         0G      1.658     0.8569     0.7536         13       1280: 54% ━━━━━━╸───── 32/59 8.5s/it 4:41<3:48[K      29/50         0G      1.651     0.8501     0.7534         13       1280: 55% ━━━━━━╸───── 33/59 8.5s/it 4:49<3:40[K      29/50         0G      1.648     0.8578     0.7523         12       1280: 57% ━━━━━━╸───── 34/59 8.4s/it 4:57<3:30[K      29/50         0G      1.649      0.863     0.7506         13       1280: 59% ━━━━━━━───── 35/59 8.3s/it 5:05<3:19[K      29/50         0G      1.649     0.8571     0.7501         10       1280: 61% ━━━━━━━───── 36/59 8.3s/it 5:14<3:11[K      29/50         0G      1.646     0.8612     0.7482          7       1280: 62% ━━━━━━━╸──── 37/59 8.3s/it 5:22<3:03[K      29/50         0G      1.662     0.8646       0.75         17       1280: 64% ━━━━━━━╸──── 38/59 8.3s/it 5:31<2:55[K      29/50         0G      1.668     0.8589     0.7534          8       1280: 66% ━━━━━━━╸──── 39/59 8.3s/it 5:39<2:46[K      29/50         0G      1.663     0.8609     0.7538          9       1280: 67% ━━━━━━━━──── 40/59 8.4s/it 5:47<2:39[K      29/50         0G      1.669     0.8662     0.7548         11       1280: 69% ━━━━━━━━──── 41/59 8.4s/it 5:56<2:31[K      29/50         0G      1.678     0.8814     0.7584         10       1280: 71% ━━━━━━━━╸─── 42/59 8.3s/it 6:04<2:22[K      29/50         0G      1.689     0.8785     0.7602          8       1280: 72% ━━━━━━━━╸─── 43/59 8.4s/it 6:12<2:14[K      29/50         0G      1.684     0.8726     0.7591         14       1280: 74% ━━━━━━━━╸─── 44/59 8.3s/it 6:20<2:04[K      29/50         0G      1.685     0.8687     0.7604          6       1280: 76% ━━━━━━━━━─── 45/59 8.4s/it 6:29<1:57[K      29/50         0G      1.693     0.8685     0.7618         14       1280: 77% ━━━━━━━━━─── 46/59 8.3s/it 6:37<1:48[K      29/50         0G      1.698     0.8739     0.7614         11       1280: 79% ━━━━━━━━━╸── 47/59 8.5s/it 6:46<1:41[K      29/50         0G      1.705     0.8764     0.7619          8       1280: 81% ━━━━━━━━━╸── 48/59 8.5s/it 6:55<1:33[K      29/50         0G      1.714     0.8844     0.7628          9       1280: 83% ━━━━━━━━━╸── 49/59 8.4s/it 7:03<1:24[K      29/50         0G      1.711     0.8809     0.7633         12       1280: 84% ━━━━━━━━━━── 50/59 8.6s/it 7:12<1:17[K      29/50         0G      1.723     0.8858     0.7612         10       1280: 86% ━━━━━━━━━━── 51/59 8.5s/it 7:20<1:08[K      29/50         0G       1.72     0.8854     0.7614         16       1280: 88% ━━━━━━━━━━╸─ 52/59 8.7s/it 7:29<1:01[K      29/50         0G      1.723     0.8835     0.7622         12       1280: 89% ━━━━━━━━━━╸─ 53/59 8.6s/it 7:38<51.6s[K      29/50         0G      1.722     0.8863     0.7615         11       1280: 91% ━━━━━━━━━━╸─ 54/59 8.5s/it 7:46<42.3s[K      29/50         0G      1.718     0.8855     0.7623         13       1280: 93% ━━━━━━━━━━━─ 55/59 8.4s/it 7:54<33.7s[K      29/50         0G      1.725     0.8836     0.7623         13       1280: 94% ━━━━━━━━━━━─ 56/59 8.4s/it 8:02<25.2s[K      29/50         0G      1.723     0.8782     0.7626          7       1280: 96% ━━━━━━━━━━━╸ 57/59 8.4s/it 8:11<16.8s[K      29/50         0G      1.731     0.8814     0.7633          8       1280: 98% ━━━━━━━━━━━╸ 58/59 8.4s/it 8:19<8.4s[K      29/50         0G      1.731     0.8814     0.7633          8       1280: 100% ━━━━━━━━━━━━ 59/59 8.5s/it 8:19
[K                 Class     Images  Instances      Box(P          R      mAP50  mAP50-95): 11% ━─────────── 1/9 21.0s/it 6.3s<2:48[K                 Class     Images  Instances      Box(P          R      mAP50  mAP50-95): 22% ━━╸───────── 2/9 12.2s/it 12.5s<1:25[K                 Class     Images  Instances      Box(P          R      mAP50  mAP50-95): 33% ━━━━──────── 3/9 9.4s/it 18.6s<56.6s[K                 Class     Images  Instances      Box(P          R      mAP50  mAP50-95): 44% ━━━━━─────── 4/9 8.2s/it 24.9s<40.9s[K                 Class     Images  Instances      Box(P          R      mAP50  mAP50-95): 55% ━━━━━━╸───── 5/9 7.5s/it 31.1s<29.8s[K                 Class     Images  Instances      Box(P          R      mAP50  mAP50-95): 66% ━━━━━━━━──── 6/9 7.0s/it 37.3s<21.1s[K                 Class     Images  Instances      Box(P          R      mAP50  mAP50-95): 77% ━━━━━━━━━─── 7/9 6.8s/it 43.5s<13.5s[K                 Class     Images  Instances      Box(P          R      mAP50  mAP50-95): 88% ━━━━━━━━━━╸─ 8/9 6.6s/it 49.7s<6.6s[K                 Class     Images  Instances      Box(P          R      mAP50  mAP50-95): 100% ━━━━━━━━━━━━ 9/9 5.7s/it 51.4s
                   all        139        109       0.91      0.837      0.841      0.432

      Epoch    GPU_mem   box_loss   cls_loss   dfl_loss  Instances       Size
[K      30/50         0G      2.249      1.167     0.7984         10       1280: 0% ──────────── 0/59  9.3s[K      30/50         0G      1.852     0.9328     0.8004         12       1280: 1% ──────────── 1/59 29.6s/it 18.2s<28:38[K      30/50         0G        1.9     0.9686     0.7796         15       1280: 3% ──────────── 2/59 16.9s/it 26.6s<16:05[K      30/50         0G      1.775      1.057      0.773         12       1280: 5% ╸─────────── 3/59 13.0s/it 35.1s<12:11[K      30/50         0G       1.81      1.036     0.7694         18       1280: 6% ╸─────────── 4/59 11.1s/it 43.4s<10:10[K      30/50         0G      1.841     0.9885     0.7624         16       1280: 8% ━─────────── 5/59 10.1s/it 51.7s<9:05[K      30/50         0G      1.906     0.9874     0.7646         17       1280: 10% ━─────────── 6/59 9.6s/it 1:00<8:27[K      30/50         0G       1.89     0.9557     0.7698          9       1280: 11% ━─────────── 7/59 9.2s/it 1:09<8:01[K      30/50         0G      1.889     0.9582     0.7748          8       1280: 13% ━╸────────── 8/59 9.0s/it 1:17<7:38[K      30/50         0G      1.863     0.9408     0.7555         10       1280: 15% ━╸────────── 9/59 8.7s/it 1:25<7:17[K      30/50         0G      1.868     0.9321     0.7516         18       1280: 16% ━━────────── 10/59 8.7s/it 1:34<7:05[K      30/50         0G      1.837     0.9178     0.7523          8       1280: 18% ━━────────── 11/59 8.6s/it 1:42<6:51[K      30/50         0G      1.864     0.9231     0.7517         14       1280: 20% ━━────────── 12/59 8.5s/it 1:51<6:38[K      30/50         0G      1.897     0.9112     0.7449         16       1280: 22% ━━╸───────── 13/59 8.4s/it 1:59<6:28[K      30/50         0G      1.898     0.9074     0.7449         12       1280: 23% ━━╸───────── 14/59 8.4s/it 2:07<6:20[K      30/50         0G      1.891      0.896     0.7411         18       1280: 25% ━━━───────── 15/59 8.6s/it 2:16<6:17[K      30/50         0G      1.893     0.8852     0.7362         13       1280: 27% ━━━───────── 16/59 8.5s/it 2:25<6:07[K      30/50         0G       1.89     0.8772       0.74         10       1280: 28% ━━━───────── 17/59 8.5s/it 2:33<5:56[K      30/50         0G      1.895     0.8792     0.7397         14       1280: 30% ━━━╸──────── 18/59 8.7s/it 2:42<5:56[K      30/50         0G      1.896     0.8985     0.7342         10       1280: 32% ━━━╸──────── 19/59 8.7s/it 2:51<5:49[K      30/50         0G      1.906     0.9084     0.7336          5       1280: 33% ━━━━──────── 20/59 8.6s/it 2:59<5:35[K      30/50         0G      1.893     0.9044     0.7358          8       1280: 35% ━━━━──────── 21/59 8.8s/it 3:09<5:33[K      30/50         0G      1.881     0.8972     0.7377         10       1280: 37% ━━━━──────── 22/59 8.7s/it 3:17<5:20[K      30/50         0G      1.885     0.8964      0.739          7       1280: 38% ━━━━╸─────── 23/59 8.8s/it 3:26<5:15[K      30/50         0G      1.874     0.8902     0.7452         13       1280: 40% ━━━━╸─────── 24/59 8.6s/it 3:34<5:02[K      30/50         0G      1.861     0.8836     0.7437         12       1280: 42% ━━━━━─────── 25/59 8.7s/it 3:43<4:57[K      30/50         0G      1.874     0.8864     0.7444         18       1280: 44% ━━━━━─────── 26/59 8.5s/it 3:51<4:42[K      30/50         0G      1.866     0.8827     0.7446          7       1280: 45% ━━━━━─────── 27/59 8.6s/it 4:00<4:36[K      30/50         0G       1.86     0.8777     0.7405         14       1280: 47% ━━━━━╸────── 28/59 8.6s/it 4:09<4:25[K      30/50         0G      1.868     0.8755     0.7406         11       1280: 49% ━━━━━╸────── 29/59 8.6s/it 4:17<4:17[K      30/50         0G      1.857     0.8729     0.7401         19       1280: 50% ━━━━━━────── 30/59 8.6s/it 4:26<4:10[K      30/50         0G      1.857     0.8666     0.7438         12       1280: 52% ━━━━━━────── 31/59 8.7s/it 4:35<4:04[K      30/50         0G      1.857     0.8634     0.7465         13       1280: 54% ━━━━━━╸───── 32/59 8.6s/it 4:43<3:52[K      30/50         0G       1.86     0.8629     0.7449          8       1280: 55% ━━━━━━╸───── 33/59 8.8s/it 4:52<3:48[K      30/50         0G      1.863     0.8648     0.7458         11       1280: 57% ━━━━━━╸───── 34/59 8.6s/it 5:01<3:35[K      30/50         0G      1.858     0.8639      0.747         14       1280: 59% ━━━━━━━───── 35/59 8.7s/it 5:10<3:28[K      30/50         0G      1.859     0.8733     0.7462          5       1280: 61% ━━━━━━━───── 36/59 8.6s/it 5:18<3:18[K      30/50         0G       1.85     0.8671     0.7473         14       1280: 62% ━━━━━━━╸──── 37/59 8.7s/it 5:27<3:12[K      30/50         0G      1.843     0.8665     0.7493          8       1280: 64% ━━━━━━━╸──── 38/59 8.7s/it 5:36<3:03[K      30/50         0G      1.853     0.8711     0.7498         12       1280: 66% ━━━━━━━╸──── 39/59 8.6s/it 5:44<2:53[K      30/50         0G      1.849     0.8654     0.7492         11       1280: 67% ━━━━━━━━──── 40/59 8.6s/it 5:53<2:43[K      30/50         0G      1.838     0.8625     0.7488         11       1280: 69% ━━━━━━━━──── 41/59 8.6s/it 6:01<2:36[K      30/50         0G      1.835     0.8642     0.7479          9       1280: 71% ━━━━━━━━╸─── 42/59 8.6s/it 6:10<2:26[K      30/50         0G      1.828     0.8606     0.7476          8       1280: 72% ━━━━━━━━╸─── 43/59 8.7s/it 6:19<2:19[K      30/50         0G      1.837     0.8596     0.7481         13       1280: 74% ━━━━━━━━╸─── 44/59 8.5s/it 6:27<2:08[K      30/50         0G      1.833     0.8576     0.7473         10       1280: 76% ━━━━━━━━━─── 45/59 8.6s/it 6:36<2:00[K      30/50         0G      1.834     0.8581     0.7483         12       1280: 77% ━━━━━━━━━─── 46/59 8.5s/it 6:44<1:50[K      30/50         0G      1.844     0.8603     0.7484         10       1280: 79% ━━━━━━━━━╸── 47/59 8.5s/it 6:52<1:42[K      30/50         0G      1.836     0.8564     0.7451          6       1280: 81% ━━━━━━━━━╸── 48/59 8.5s/it 7:01<1:34[K      30/50         0G      1.827     0.8556     0.7451         10       1280: 83% ━━━━━━━━━╸── 49/59 8.6s/it 7:10<1:26[K      30/50         0G      1.826     0.8677     0.7453         13       1280: 84% ━━━━━━━━━━── 50/59 8.7s/it 7:19<1:18[K      30/50         0G      1.826     0.8635     0.7482          9       1280: 86% ━━━━━━━━━━── 51/59 8.8s/it 7:28<1:10[K      30/50         0G       1.83     0.8649     0.7476         15       1280: 88% ━━━━━━━━━━╸─ 52/59 8.7s/it 7:36<1:01[K      30/50         0G      1.824     0.8671     0.7484          8       1280: 89% ━━━━━━━━━━╸─ 53/59 8.6s/it 7:45<51.5s[K      30/50         0G      1.818     0.8675     0.7481          8       1280: 91% ━━━━━━━━━━╸─ 54/59 8.6s/it 7:53<42.8s[K      30/50         0G      1.819     0.8678     0.7489         11       1280: 93% ━━━━━━━━━━━─ 55/59 8.7s/it 8:02<34.8s[K      30/50         0G      1.825     0.8737     0.7503         12       1280: 94% ━━━━━━━━━━━─ 56/59 8.8s/it 8:11<26.4s[K      30/50         0G      1.823     0.8699     0.7515          8       1280: 96% ━━━━━━━━━━━╸ 57/59 8.9s/it 8:20<17.7s[K      30/50         0G      1.824     0.8723     0.7526         12       1280: 98% ━━━━━━━━━━━╸ 58/59 8.7s/it 8:29<8.7s[K      30/50         0G      1.824     0.8723     0.7526         12       1280: 100% ━━━━━━━━━━━━ 59/59 8.6s/it 8:29
[K                 Class     Images  Instances      Box(P          R      mAP50  mAP50-95): 11% ━─────────── 1/9 20.9s/it 6.3s<2:47[K                 Class     Images  Instances      Box(P          R      mAP50  mAP50-95): 22% ━━╸───────── 2/9 12.2s/it 12.5s<1:25[K                 Class     Images  Instances      Box(P          R      mAP50  mAP50-95): 33% ━━━━──────── 3/9 9.4s/it 18.6s<56.6s[K                 Class     Images  Instances      Box(P          R      mAP50  mAP50-95): 44% ━━━━━─────── 4/9 8.2s/it 24.9s<40.9s[K                 Class     Images  Instances      Box(P          R      mAP50  mAP50-95): 55% ━━━━━━╸───── 5/9 7.5s/it 31.1s<29.9s[K                 Class     Images  Instances      Box(P          R      mAP50  mAP50-95): 66% ━━━━━━━━──── 6/9 7.0s/it 37.3s<21.1s[K                 Class     Images  Instances      Box(P          R      mAP50  mAP50-95): 77% ━━━━━━━━━─── 7/9 6.8s/it 43.5s<13.5s[K                 Class     Images  Instances      Box(P          R      mAP50  mAP50-95): 88% ━━━━━━━━━━╸─ 8/9 6.6s/it 49.7s<6.6s[K                 Class     Images  Instances      Box(P          R      mAP50  mAP50-95): 100% ━━━━━━━━━━━━ 9/9 5.7s/it 51.4s
                   all        139        109        0.9      0.771        0.8      0.417

      Epoch    GPU_mem   box_loss   cls_loss   dfl_loss  Instances       Size
[K      31/50         0G      1.872     0.9145      0.784          8       1280: 0% ──────────── 0/59  9.5s[K      31/50         0G      1.912      0.935      0.745         14       1280: 1% ──────────── 1/59 32.2s/it 19.2s<31:08[K      31/50         0G      1.801      0.966     0.7427         10       1280: 3% ──────────── 2/59 18.6s/it 28.5s<17:38[K      31/50         0G      1.647     0.8772     0.7245          8       1280: 5% ╸─────────── 3/59 13.7s/it 37.0s<12:47[K      31/50         0G      1.562     0.8134     0.7222          9       1280: 6% ╸─────────── 4/59 11.6s/it 45.5s<10:36[K      31/50         0G      1.601     0.7946     0.7457          9       1280: 8% ━─────────── 5/59 10.6s/it 54.3s<9:32[K      31/50         0G      1.647     0.8217     0.7378         12       1280: 10% ━─────────── 6/59 9.8s/it 1:03<8:39[K      31/50         0G      1.685     0.8937     0.7417         11       1280: 11% ━─────────── 7/59 9.4s/it 1:11<8:09[K      31/50         0G      1.663     0.8746     0.7509         11       1280: 13% ━╸────────── 8/59 9.0s/it 1:20<7:42[K      31/50         0G      1.698     0.8642     0.7523         11       1280: 15% ━╸────────── 9/59 9.0s/it 1:28<7:30[K      31/50         0G      1.732     0.8594     0.7492          9       1280: 16% ━━────────── 10/59 8.9s/it 1:37<7:16[K      31/50         0G      1.749     0.8479     0.7443          9       1280: 18% ━━────────── 11/59 8.9s/it 1:46<7:07[K      31/50         0G      1.731     0.8385     0.7409         13       1280: 20% ━━────────── 12/59 8.9s/it 1:55<6:59[K      31/50         0G      1.759     0.8423     0.7496          9       1280: 22% ━━╸───────── 13/59 9.0s/it 2:04<6:52[K      31/50         0G      1.775     0.8463     0.7427         10       1280: 23% ━━╸───────── 14/59 8.8s/it 2:12<6:35[K      31/50         0G      1.778     0.8643     0.7454         10       1280: 25% ━━━───────── 15/59 8.7s/it 2:21<6:21[K      31/50         0G      1.764     0.8615     0.7436         16       1280: 27% ━━━───────── 16/59 8.7s/it 2:29<6:12[K      31/50         0G      1.776     0.8647     0.7432         18       1280: 28% ━━━───────── 17/59 8.8s/it 2:39<6:09[K      31/50         0G      1.764     0.8643     0.7453         11       1280: 30% ━━━╸──────── 18/59 8.7s/it 2:47<5:55[K      31/50         0G      1.738     0.8598     0.7461         11       1280: 32% ━━━╸──────── 19/59 8.9s/it 2:56<5:54[K      31/50         0G      1.736      0.857      0.748         13       1280: 33% ━━━━──────── 20/59 8.7s/it 3:05<5:40[K      31/50         0G      1.756     0.8702     0.7512         11       1280: 35% ━━━━──────── 21/59 8.6s/it 3:13<5:27[K      31/50         0G      1.776     0.8738     0.7527          9       1280: 37% ━━━━──────── 22/59 8.5s/it 3:21<5:16[K      31/50         0G      1.776     0.8714     0.7519         13       1280: 38% ━━━━╸─────── 23/59 8.6s/it 3:30<5:09[K      31/50         0G      1.778     0.8682     0.7539         10       1280: 40% ━━━━╸─────── 24/59 8.6s/it 3:39<5:00[K      31/50         0G      1.789     0.8768     0.7526         10       1280: 42% ━━━━━─────── 25/59 8.5s/it 3:47<4:51[K      31/50         0G      1.798     0.8745     0.7583         11       1280: 44% ━━━━━─────── 26/59 8.7s/it 3:56<4:47[K      31/50         0G      1.807     0.8787     0.7569         12       1280: 45% ━━━━━─────── 27/59 8.6s/it 4:05<4:36[K      31/50         0G      1.808     0.8831      0.759          9       1280: 47% ━━━━━╸────── 28/59 8.5s/it 4:13<4:24[K      31/50         0G      1.809     0.8866     0.7583         17       1280: 49% ━━━━━╸────── 29/59 8.5s/it 4:21<4:14[K      31/50         0G      1.811     0.8826     0.7572         13       1280: 50% ━━━━━━────── 30/59 8.5s/it 4:30<4:06[K      31/50         0G      1.805      0.887     0.7565          9       1280: 52% ━━━━━━────── 31/59 8.7s/it 4:39<4:03[K      31/50         0G      1.798     0.8864     0.7585          7       1280: 54% ━━━━━━╸───── 32/59 8.6s/it 4:47<3:51[K      31/50         0G      1.805       0.89     0.7579          5       1280: 55% ━━━━━━╸───── 33/59 8.8s/it 4:57<3:48[K      31/50         0G      1.817     0.8943     0.7562          9       1280: 57% ━━━━━━╸───── 34/59 8.6s/it 5:05<3:36[K      31/50         0G      1.809       0.89     0.7552         10       1280: 59% ━━━━━━━───── 35/59 8.6s/it 5:14<3:27[K      31/50         0G      1.807     0.8834      0.755         14       1280: 61% ━━━━━━━───── 36/59 8.5s/it 5:22<3:15[K      31/50         0G        1.8     0.8816     0.7529          9       1280: 62% ━━━━━━━╸──── 37/59 8.4s/it 5:30<3:06[K      31/50         0G      1.793     0.8823     0.7535          8       1280: 64% ━━━━━━━╸──── 38/59 8.5s/it 5:39<2:59[K      31/50         0G       1.79     0.8784     0.7524         15       1280: 66% ━━━━━━━╸──── 39/59 8.5s/it 5:47<2:49[K      31/50         0G      1.787      0.877     0.7526         11       1280: 67% ━━━━━━━━──── 40/59 8.6s/it 5:56<2:43[K      31/50         0G      1.782      0.873      0.753         10       1280: 69% ━━━━━━━━──── 41/59 8.7s/it 6:05<2:37[K      31/50         0G      1.781     0.8725     0.7509          8       1280: 71% ━━━━━━━━╸─── 42/59 8.6s/it 6:14<2:27[K      31/50         0G      1.772     0.8665     0.7512         14       1280: 72% ━━━━━━━━╸─── 43/59 8.6s/it 6:22<2:17[K      31/50         0G      1.759     0.8614     0.7522         15       1280: 74% ━━━━━━━━╸─── 44/59 8.5s/it 6:30<2:08[K      31/50         0G      1.756     0.8568     0.7503         13       1280: 76% ━━━━━━━━━─── 45/59 8.5s/it 6:39<1:59[K      31/50         0G      1.748     0.8542     0.7507         15       1280: 77% ━━━━━━━━━─── 46/59 8.4s/it 6:47<1:50[K      31/50         0G      1.743     0.8512     0.7505          9       1280: 79% ━━━━━━━━━╸── 47/59 8.7s/it 6:56<1:44[K      31/50         0G      1.742     0.8473     0.7502         14       1280: 81% ━━━━━━━━━╸── 48/59 8.8s/it 7:05<1:37[K      31/50         0G      1.745     0.8452     0.7488         10       1280: 83% ━━━━━━━━━╸── 49/59 8.9s/it 7:15<1:29[K      31/50         0G      1.745     0.8431     0.7504         16       1280: 84% ━━━━━━━━━━── 50/59 9.2s/it 7:24<1:23[K      31/50         0G      1.742     0.8436     0.7513         10       1280: 86% ━━━━━━━━━━── 51/59 9.1s/it 7:33<1:13[K      31/50         0G      1.742     0.8505       0.75         13       1280: 88% ━━━━━━━━━━╸─ 52/59 8.9s/it 7:42<1:02[K      31/50         0G       1.74      0.849     0.7488         10       1280: 89% ━━━━━━━━━━╸─ 53/59 8.8s/it 7:50<52.8s[K      31/50         0G      1.734      0.845     0.7499          8       1280: 91% ━━━━━━━━━━╸─ 54/59 8.6s/it 7:59<43.1s[K      31/50         0G      1.734     0.8484     0.7479          7       1280: 93% ━━━━━━━━━━━─ 55/59 8.5s/it 8:07<34.1s[K      31/50         0G      1.729     0.8446     0.7498          8       1280: 94% ━━━━━━━━━━━─ 56/59 8.5s/it 8:15<25.5s[K      31/50         0G      1.724     0.8395     0.7503         11       1280: 96% ━━━━━━━━━━━╸ 57/59 8.5s/it 8:24<16.9s[K      31/50         0G      1.716     0.8413     0.7507          9       1280: 98% ━━━━━━━━━━━╸ 58/59 8.5s/it 8:32<8.5s[K      31/50         0G      1.716     0.8413     0.7507          9       1280: 100% ━━━━━━━━━━━━ 59/59 8.7s/it 8:32
[K                 Class     Images  Instances      Box(P          R      mAP50  mAP50-95): 11% ━─────────── 1/9 20.8s/it 6.2s<2:47[K                 Class     Images  Instances      Box(P          R      mAP50  mAP50-95): 22% ━━╸───────── 2/9 12.2s/it 12.4s<1:25[K                 Class     Images  Instances      Box(P          R      mAP50  mAP50-95): 33% ━━━━──────── 3/9 9.5s/it 18.6s<56.7s[K                 Class     Images  Instances      Box(P          R      mAP50  mAP50-95): 44% ━━━━━─────── 4/9 8.2s/it 24.9s<40.9s[K                 Class     Images  Instances      Box(P          R      mAP50  mAP50-95): 55% ━━━━━━╸───── 5/9 7.5s/it 31.1s<29.9s[K                 Class     Images  Instances      Box(P          R      mAP50  mAP50-95): 66% ━━━━━━━━──── 6/9 7.0s/it 37.3s<21.1s[K                 Class     Images  Instances      Box(P          R      mAP50  mAP50-95): 77% ━━━━━━━━━─── 7/9 6.8s/it 43.5s<13.5s[K                 Class     Images  Instances      Box(P          R      mAP50  mAP50-95): 88% ━━━━━━━━━━╸─ 8/9 6.6s/it 49.7s<6.6s[K                 Class     Images  Instances      Box(P          R      mAP50  mAP50-95): 100% ━━━━━━━━━━━━ 9/9 5.7s/it 51.4s
                   all        139        109      0.941      0.807       0.84      0.436

      Epoch    GPU_mem   box_loss   cls_loss   dfl_loss  Instances       Size
[K      32/50         0G       1.83     0.8917     0.7039          9       1280: 0% ──────────── 0/59  9.1s[K      32/50         0G      1.724     0.7644     0.7072         14       1280: 1% ──────────── 1/59 29.3s/it 17.9s<28:18[K      32/50         0G       1.86     0.8672     0.7553         10       1280: 3% ──────────── 2/59 16.9s/it 26.4s<16:01[K      32/50         0G      1.919     0.8333     0.7253          7       1280: 5% ╸─────────── 3/59 13.1s/it 35.0s<12:14[K      32/50         0G      1.872     0.8434     0.7242         13       1280: 6% ╸─────────── 4/59 11.2s/it 43.3s<10:14[K      32/50         0G      1.822     0.8126     0.7227          7       1280: 8% ━─────────── 5/59 10.0s/it 51.4s<9:02[K      32/50         0G      1.813     0.8246     0.7261          9       1280: 10% ━─────────── 6/59 9.4s/it 59.6s<8:19[K      32/50         0G      1.796     0.8331     0.7245          9       1280: 11% ━─────────── 7/59 9.1s/it 1:08<7:55[K      32/50         0G      1.793      0.854     0.7253         14       1280: 13% ━╸────────── 8/59 8.8s/it 1:16<7:30[K      32/50         0G      1.759     0.8318     0.7395         13       1280: 15% ━╸────────── 9/59 8.8s/it 1:25<7:22[K      32/50         0G      1.765     0.8201     0.7384         13       1280: 16% ━━────────── 10/59 8.7s/it 1:34<7:07[K      32/50         0G      1.736      0.799     0.7422          8       1280: 18% ━━────────── 11/59 8.8s/it 1:43<7:04[K      32/50         0G      1.711     0.7913     0.7479         11       1280: 20% ━━────────── 12/59 8.7s/it 1:51<6:50[K      32/50         0G      1.713     0.7793     0.7528          9       1280: 22% ━━╸───────── 13/59 8.7s/it 1:60<6:38[K      32/50         0G      1.697     0.7649     0.7516         16       1280: 23% ━━╸───────── 14/59 8.6s/it 2:08<6:27[K      32/50         0G      1.686     0.7671     0.7487         12       1280: 25% ━━━───────── 15/59 8.5s/it 2:17<6:14[K      32/50         0G      1.672     0.7657     0.7514         15       1280: 27% ━━━───────── 16/59 8.4s/it 2:25<5:60[K      32/50         0G      1.665     0.7648     0.7558         12       1280: 28% ━━━───────── 17/59 8.6s/it 2:34<5:59[K      32/50         0G      1.684     0.7696      0.754         11       1280: 30% ━━━╸──────── 18/59 8.5s/it 2:42<5:47[K      32/50         0G      1.697     0.7821     0.7501         12       1280: 32% ━━━╸──────── 19/59 8.4s/it 2:50<5:35[K      32/50         0G      1.718     0.7944     0.7483         13       1280: 33% ━━━━──────── 20/59 8.4s/it 2:59<5:28[K      32/50         0G       1.71     0.7962     0.7434         16       1280: 35% ━━━━──────── 21/59 8.4s/it 3:07<5:19[K      32/50         0G      1.719     0.8077     0.7448         16       1280: 37% ━━━━──────── 22/59 8.4s/it 3:15<5:09[K      32/50         0G      1.735     0.8204     0.7467         15       1280: 38% ━━━━╸─────── 23/59 8.4s/it 3:24<5:02[K      32/50         0G      1.735     0.8308     0.7454         11       1280: 40% ━━━━╸─────── 24/59 8.3s/it 3:32<4:52[K      32/50         0G      1.736     0.8302     0.7451         11       1280: 42% ━━━━━─────── 25/59 8.4s/it 3:40<4:46[K      32/50         0G      1.736     0.8312     0.7405         10       1280: 44% ━━━━━─────── 26/59 8.2s/it 3:48<4:32[K      32/50         0G      1.733     0.8266     0.7436          9       1280: 45% ━━━━━─────── 27/59 8.2s/it 3:56<4:22[K      32/50         0G      1.729     0.8223     0.7406          8       1280: 47% ━━━━━╸────── 28/59 8.1s/it 4:04<4:12[K      32/50         0G       1.73     0.8317      0.744          8       1280: 49% ━━━━━╸────── 29/59 8.2s/it 4:13<4:06[K      32/50         0G      1.731      0.826     0.7444         20       1280: 50% ━━━━━━────── 30/59 8.3s/it 4:21<4:01[K      32/50         0G      1.727     0.8262     0.7441         12       1280: 52% ━━━━━━────── 31/59 8.4s/it 4:30<3:56[K      32/50         0G      1.729     0.8276     0.7445          8       1280: 54% ━━━━━━╸───── 32/59 8.5s/it 4:39<3:48[K      32/50         0G      1.736     0.8296     0.7449         13       1280: 55% ━━━━━━╸───── 33/59 8.4s/it 4:47<3:39[K      32/50         0G      1.747     0.8317      0.748         10       1280: 57% ━━━━━━╸───── 34/59 8.4s/it 4:55<3:30[K      32/50         0G      1.746     0.8313     0.7488         12       1280: 59% ━━━━━━━───── 35/59 8.4s/it 5:04<3:21[K      32/50         0G      1.745     0.8292      0.752          9       1280: 61% ━━━━━━━───── 36/59 8.3s/it 5:12<3:12[K      32/50         0G      1.737     0.8243     0.7504         13       1280: 62% ━━━━━━━╸──── 37/59 8.4s/it 5:20<3:05[K      32/50         0G      1.736      0.822     0.7506         12       1280: 64% ━━━━━━━╸──── 38/59 8.4s/it 5:29<2:56[K      32/50         0G      1.741     0.8244     0.7489         12       1280: 66% ━━━━━━━╸──── 39/59 8.4s/it 5:37<2:49[K      32/50         0G      1.744     0.8299     0.7469         18       1280: 67% ━━━━━━━━──── 40/59 8.5s/it 5:46<2:41[K      32/50         0G      1.735     0.8293     0.7452         15       1280: 69% ━━━━━━━━──── 41/59 8.4s/it 5:54<2:32[K      32/50         0G      1.731     0.8314     0.7447         11       1280: 71% ━━━━━━━━╸─── 42/59 8.2s/it 6:02<2:20[K      32/50         0G      1.733     0.8284     0.7444         15       1280: 72% ━━━━━━━━╸─── 43/59 8.3s/it 6:10<2:12[K      32/50         0G      1.725     0.8248     0.7427         14       1280: 74% ━━━━━━━━╸─── 44/59 8.3s/it 6:19<2:04[K      32/50         0G      1.718     0.8216     0.7431         12       1280: 76% ━━━━━━━━━─── 45/59 8.4s/it 6:27<1:57[K      32/50         0G      1.725     0.8204     0.7433         18       1280: 77% ━━━━━━━━━─── 46/59 8.4s/it 6:36<1:50[K      32/50         0G      1.724     0.8168     0.7427         17       1280: 79% ━━━━━━━━━╸── 47/59 8.5s/it 6:44<1:42[K      32/50         0G      1.723     0.8136     0.7427         10       1280: 81% ━━━━━━━━━╸── 48/59 8.5s/it 6:53<1:33[K      32/50         0G      1.724     0.8121      0.743         16       1280: 83% ━━━━━━━━━╸── 49/59 8.4s/it 7:01<1:24[K      32/50         0G      1.726     0.8089     0.7438          5       1280: 84% ━━━━━━━━━━── 50/59 8.4s/it 7:09<1:15[K      32/50         0G      1.737     0.8151     0.7443         11       1280: 86% ━━━━━━━━━━── 51/59 8.3s/it 7:18<1:07[K      32/50         0G      1.736     0.8187     0.7454         11       1280: 88% ━━━━━━━━━━╸─ 52/59 8.4s/it 7:26<58.5s[K      32/50         0G      1.727      0.815     0.7443          9       1280: 89% ━━━━━━━━━━╸─ 53/59 8.5s/it 7:35<51.2s[K      32/50         0G      1.724     0.8117     0.7438         16       1280: 91% ━━━━━━━━━━╸─ 54/59 8.5s/it 7:44<42.6s[K      32/50         0G      1.727     0.8102     0.7443         12       1280: 93% ━━━━━━━━━━━─ 55/59 8.5s/it 7:52<34.0s[K      32/50         0G      1.732     0.8094     0.7423          7       1280: 94% ━━━━━━━━━━━─ 56/59 8.4s/it 8:00<25.3s[K      32/50         0G       1.73     0.8127     0.7412          7       1280: 96% ━━━━━━━━━━━╸ 57/59 8.5s/it 8:09<16.9s[K      32/50         0G      1.735     0.8163     0.7413          7       1280: 98% ━━━━━━━━━━━╸ 58/59 8.3s/it 8:17<8.3s[K      32/50         0G      1.735     0.8163     0.7413          7       1280: 100% ━━━━━━━━━━━━ 59/59 8.4s/it 8:17
[K                 Class     Images  Instances      Box(P          R      mAP50  mAP50-95): 11% ━─────────── 1/9 20.8s/it 6.2s<2:46[K                 Class     Images  Instances      Box(P          R      mAP50  mAP50-95): 22% ━━╸───────── 2/9 12.2s/it 12.4s<1:25[K                 Class     Images  Instances      Box(P          R      mAP50  mAP50-95): 33% ━━━━──────── 3/9 9.4s/it 18.6s<56.6s[K                 Class     Images  Instances      Box(P          R      mAP50  mAP50-95): 44% ━━━━━─────── 4/9 8.2s/it 24.9s<40.9s[K                 Class     Images  Instances      Box(P          R      mAP50  mAP50-95): 55% ━━━━━━╸───── 5/9 7.5s/it 31.1s<29.9s[K                 Class     Images  Instances      Box(P          R      mAP50  mAP50-95): 66% ━━━━━━━━──── 6/9 7.0s/it 37.3s<21.1s[K                 Class     Images  Instances      Box(P          R      mAP50  mAP50-95): 77% ━━━━━━━━━─── 7/9 6.8s/it 43.5s<13.5s[K                 Class     Images  Instances      Box(P          R      mAP50  mAP50-95): 88% ━━━━━━━━━━╸─ 8/9 6.6s/it 49.7s<6.6s[K                 Class     Images  Instances      Box(P          R      mAP50  mAP50-95): 100% ━━━━━━━━━━━━ 9/9 5.7s/it 51.4s
                   all        139        109       0.88      0.804      0.809      0.436

      Epoch    GPU_mem   box_loss   cls_loss   dfl_loss  Instances       Size
[K      33/50         0G      1.205     0.6965     0.8256         11       1280: 0% ──────────── 0/59  9.9s[K      33/50         0G      1.337     0.6445     0.7756         10       1280: 1% ──────────── 1/59 30.1s/it 18.9s<29:04[K      33/50         0G      1.483     0.6556      0.771         16       1280: 3% ──────────── 2/59 17.0s/it 27.3s<16:06[K      33/50         0G      1.442     0.6455     0.7604          8       1280: 5% ╸─────────── 3/59 13.0s/it 35.7s<12:07[K      33/50         0G      1.461     0.6452      0.746         12       1280: 6% ╸─────────── 4/59 11.1s/it 43.9s<10:10[K      33/50         0G      1.482     0.6429     0.7541         12       1280: 8% ━─────────── 5/59 10.1s/it 52.3s<9:06[K      33/50         0G      1.553     0.6453     0.7512         17       1280: 10% ━─────────── 6/59 9.6s/it 1:01<8:28[K      33/50         0G      1.561     0.6556     0.7535         16       1280: 11% ━─────────── 7/59 9.1s/it 1:09<7:55[K      33/50         0G      1.591     0.6795     0.7704          9       1280: 13% ━╸────────── 8/59 8.9s/it 1:18<7:36[K      33/50         0G      1.584     0.6767     0.7686          9       1280: 15% ━╸────────── 9/59 8.8s/it 1:26<7:22[K      33/50         0G      1.576     0.6622     0.7687         11       1280: 16% ━━────────── 10/59 8.7s/it 1:35<7:07[K      33/50         0G      1.613     0.6715     0.7675         15       1280: 18% ━━────────── 11/59 8.6s/it 1:43<6:54[K      33/50         0G      1.627     0.6714     0.7655         12       1280: 20% ━━────────── 12/59 8.6s/it 1:52<6:43[K      33/50         0G      1.632     0.6716      0.761         12       1280: 22% ━━╸───────── 13/59 8.5s/it 1:60<6:31[K      33/50         0G       1.66     0.6871     0.7556         11       1280: 23% ━━╸───────── 14/59 8.5s/it 2:08<6:23[K      33/50         0G      1.695     0.6947     0.7491         15       1280: 25% ━━━───────── 15/59 8.6s/it 2:17<6:19[K      33/50         0G      1.712     0.6926     0.7484         15       1280: 27% ━━━───────── 16/59 8.6s/it 2:26<6:09[K      33/50         0G      1.736     0.6932     0.7497         18       1280: 28% ━━━───────── 17/59 8.6s/it 2:34<6:00[K      33/50         0G      1.725     0.6989     0.7488         10       1280: 30% ━━━╸──────── 18/59 8.5s/it 2:43<5:50[K      33/50         0G      1.718     0.6957     0.7457         14       1280: 32% ━━━╸──────── 19/59 8.5s/it 2:51<5:41[K      33/50         0G      1.713      0.692     0.7481         11       1280: 33% ━━━━──────── 20/59 8.6s/it 3:00<5:36[K      33/50         0G      1.695     0.6923     0.7525          7       1280: 35% ━━━━──────── 21/59 8.6s/it 3:09<5:28[K      33/50         0G      1.678     0.6919     0.7525         12       1280: 37% ━━━━──────── 22/59 8.4s/it 3:17<5:12[K      33/50         0G       1.67       0.69     0.7483         12       1280: 38% ━━━━╸─────── 23/59 8.4s/it 3:25<5:04[K      33/50         0G      1.671     0.7213     0.7497         12       1280: 40% ━━━━╸─────── 24/59 8.4s/it 3:34<4:54[K      33/50         0G      1.665     0.7202     0.7537         12       1280: 42% ━━━━━─────── 25/59 8.4s/it 3:42<4:45[K      33/50         0G      1.678     0.7433     0.7568         14       1280: 44% ━━━━━─────── 26/59 8.4s/it 3:50<4:37[K      33/50         0G       1.68     0.8052     0.7578         13       1280: 45% ━━━━━─────── 27/59 8.4s/it 3:59<4:27[K      33/50         0G      1.685     0.8101     0.7612         11       1280: 47% ━━━━━╸────── 28/59 8.4s/it 4:07<4:20[K      33/50         0G      1.687     0.8158     0.7626         12       1280: 49% ━━━━━╸────── 29/59 8.4s/it 4:15<4:12[K      33/50         0G      1.684     0.8124     0.7606         15       1280: 50% ━━━━━━────── 30/59 8.4s/it 4:24<4:04[K      33/50         0G      1.676     0.8219     0.7605          9       1280: 52% ━━━━━━────── 31/59 8.4s/it 4:32<3:54[K      33/50         0G      1.678     0.8242     0.7576         17       1280: 54% ━━━━━━╸───── 32/59 8.4s/it 4:41<3:47[K      33/50         0G      1.678     0.8384     0.7592         12       1280: 55% ━━━━━━╸───── 33/59 8.5s/it 4:49<3:40[K      33/50         0G      1.681     0.8344     0.7603         14       1280: 57% ━━━━━━╸───── 34/59 8.4s/it 4:58<3:31[K      33/50         0G       1.68     0.8319     0.7584         10       1280: 59% ━━━━━━━───── 35/59 8.4s/it 5:06<3:21[K      33/50         0G      1.669     0.8241     0.7561          5       1280: 61% ━━━━━━━───── 36/59 8.4s/it 5:14<3:13[K      33/50         0G      1.666     0.8189     0.7532         14       1280: 62% ━━━━━━━╸──── 37/59 8.6s/it 5:23<3:09[K      33/50         0G      1.666     0.8176     0.7524         16       1280: 64% ━━━━━━━╸──── 38/59 8.5s/it 5:32<2:59[K      33/50         0G       1.66     0.8141     0.7533         16       1280: 66% ━━━━━━━╸──── 39/59 8.5s/it 5:40<2:50[K      33/50         0G      1.672     0.8386     0.7587          9       1280: 67% ━━━━━━━━──── 40/59 8.5s/it 5:49<2:41[K      33/50         0G      1.673     0.8353     0.7591         12       1280: 69% ━━━━━━━━──── 41/59 8.5s/it 5:57<2:33[K      33/50         0G      1.678     0.8341     0.7611          8       1280: 71% ━━━━━━━━╸─── 42/59 8.4s/it 6:05<2:23[K      33/50         0G      1.685     0.8337     0.7616          5       1280: 72% ━━━━━━━━╸─── 43/59 8.4s/it 6:14<2:14[K      33/50         0G      1.683     0.8305     0.7609          9       1280: 74% ━━━━━━━━╸─── 44/59 8.4s/it 6:22<2:06[K      33/50         0G      1.691     0.8323     0.7626         11       1280: 76% ━━━━━━━━━─── 45/59 8.4s/it 6:30<1:57[K      33/50         0G      1.689     0.8322     0.7645          7       1280: 77% ━━━━━━━━━─── 46/59 8.4s/it 6:39<1:49[K      33/50         0G      1.688     0.8363      0.763         10       1280: 79% ━━━━━━━━━╸── 47/59 8.5s/it 6:48<1:42[K      33/50         0G      1.684     0.8436      0.762          5       1280: 81% ━━━━━━━━━╸── 48/59 8.5s/it 6:56<1:33[K      33/50         0G      1.692     0.8422     0.7609         11       1280: 83% ━━━━━━━━━╸── 49/59 8.4s/it 7:04<1:24[K      33/50         0G       1.69     0.8377     0.7617          7       1280: 84% ━━━━━━━━━━── 50/59 8.3s/it 7:12<1:15[K      33/50         0G      1.695     0.8401     0.7626         11       1280: 86% ━━━━━━━━━━── 51/59 8.5s/it 7:21<1:08[K      33/50         0G      1.698     0.8427      0.763         14       1280: 88% ━━━━━━━━━━╸─ 52/59 8.5s/it 7:30<59.2s[K      33/50         0G      1.698     0.8418     0.7639          9       1280: 89% ━━━━━━━━━━╸─ 53/59 8.4s/it 7:38<50.7s[K      33/50         0G      1.704      0.845      0.761          7       1280: 91% ━━━━━━━━━━╸─ 54/59 8.3s/it 7:46<41.5s[K      33/50         0G      1.708     0.8458     0.7614          9       1280: 93% ━━━━━━━━━━━─ 55/59 8.3s/it 7:54<33.3s[K      33/50         0G      1.711     0.8462     0.7612          8       1280: 94% ━━━━━━━━━━━─ 56/59 8.3s/it 8:03<25.0s[K      33/50         0G      1.711     0.8431     0.7621         16       1280: 96% ━━━━━━━━━━━╸ 57/59 8.4s/it 8:11<16.8s[K      33/50         0G       1.71     0.8413     0.7662          7       1280: 98% ━━━━━━━━━━━╸ 58/59 8.4s/it 8:20<8.4s[K      33/50         0G       1.71     0.8413     0.7662          7       1280: 100% ━━━━━━━━━━━━ 59/59 8.5s/it 8:20
[K                 Class     Images  Instances      Box(P          R      mAP50  mAP50-95): 11% ━─────────── 1/9 20.8s/it 6.2s<2:46[K                 Class     Images  Instances      Box(P          R      mAP50  mAP50-95): 22% ━━╸───────── 2/9 12.1s/it 12.4s<1:25[K                 Class     Images  Instances      Box(P          R      mAP50  mAP50-95): 33% ━━━━──────── 3/9 9.4s/it 18.6s<56.4s[K                 Class     Images  Instances      Box(P          R      mAP50  mAP50-95): 44% ━━━━━─────── 4/9 8.2s/it 24.8s<40.8s[K                 Class     Images  Instances      Box(P          R      mAP50  mAP50-95): 55% ━━━━━━╸───── 5/9 7.4s/it 31.0s<29.8s[K                 Class     Images  Instances      Box(P          R      mAP50  mAP50-95): 66% ━━━━━━━━──── 6/9 7.0s/it 37.2s<21.1s[K                 Class     Images  Instances      Box(P          R      mAP50  mAP50-95): 77% ━━━━━━━━━─── 7/9 6.7s/it 43.4s<13.5s[K                 Class     Images  Instances      Box(P          R      mAP50  mAP50-95): 88% ━━━━━━━━━━╸─ 8/9 6.6s/it 49.6s<6.6s[K                 Class     Images  Instances      Box(P          R      mAP50  mAP50-95): 100% ━━━━━━━━━━━━ 9/9 5.7s/it 51.3s
                   all        139        109      0.943       0.76      0.827      0.435

      Epoch    GPU_mem   box_loss   cls_loss   dfl_loss  Instances       Size
[K      34/50         0G      1.587      0.643     0.7297         10       1280: 0% ──────────── 0/59  9.3s[K      34/50         0G      1.857     0.7951     0.7667         17       1280: 1% ──────────── 1/59 30.4s/it 18.4s<29:23[K      34/50         0G      1.823     0.8165     0.7609         12       1280: 3% ──────────── 2/59 17.6s/it 27.3s<16:43[K      34/50         0G      1.752     0.7841     0.7565          9       1280: 5% ╸─────────── 3/59 13.5s/it 36.1s<12:38[K      34/50         0G      1.706      0.779     0.7508          7       1280: 6% ╸─────────── 4/59 11.5s/it 44.5s<10:30[K      34/50         0G      1.754     0.7824     0.7368          8       1280: 8% ━─────────── 5/59 10.3s/it 52.9s<9:19[K      34/50         0G        1.7     0.7964     0.7362         11       1280: 10% ━─────────── 6/59 9.6s/it 1:01<8:30[K      34/50         0G      1.705     0.7793     0.7295         11       1280: 11% ━─────────── 7/59 9.2s/it 1:10<8:00[K      34/50         0G      1.686     0.8065     0.7335         17       1280: 13% ━╸────────── 8/59 9.1s/it 1:18<7:44[K      34/50         0G      1.674     0.8172     0.7369         12       1280: 15% ━╸────────── 9/59 9.1s/it 1:28<7:37[K      34/50         0G      1.628     0.8052     0.7393          8       1280: 16% ━━────────── 10/59 9.0s/it 1:36<7:21[K      34/50         0G       1.62     0.8019     0.7372         13       1280: 18% ━━────────── 11/59 8.8s/it 1:45<7:03[K      34/50         0G       1.64      0.791     0.7465          9       1280: 20% ━━────────── 12/59 8.7s/it 1:53<6:49[K      34/50         0G      1.647     0.7791      0.749         12       1280: 22% ━━╸───────── 13/59 8.6s/it 2:02<6:36[K      34/50         0G      1.639      0.769     0.7501         10       1280: 23% ━━╸───────── 14/59 8.6s/it 2:10<6:28[K      34/50         0G      1.657     0.7668     0.7495         17       1280: 25% ━━━───────── 15/59 8.7s/it 2:19<6:22[K      34/50         0G      1.659     0.7598     0.7518         10       1280: 27% ━━━───────── 16/59 8.6s/it 2:28<6:12[K      34/50         0G      1.662      0.756     0.7428         15       1280: 28% ━━━───────── 17/59 8.6s/it 2:36<5:59[K      34/50         0G      1.652     0.7564     0.7407         10       1280: 30% ━━━╸──────── 18/59 8.6s/it 2:45<5:51[K      34/50         0G      1.667     0.7624     0.7395         14       1280: 32% ━━━╸──────── 19/59 8.7s/it 2:54<5:47[K      34/50         0G      1.687     0.7717     0.7417         10       1280: 33% ━━━━──────── 20/59 8.6s/it 3:02<5:35[K      34/50         0G        1.7     0.7699     0.7422         11       1280: 35% ━━━━──────── 21/59 8.6s/it 3:10<5:25[K      34/50         0G      1.688      0.764     0.7412          8       1280: 37% ━━━━──────── 22/59 8.5s/it 3:19<5:15[K      34/50         0G      1.694     0.7622     0.7413         14       1280: 38% ━━━━╸─────── 23/59 8.4s/it 3:27<5:04[K      34/50         0G      1.689     0.7569     0.7417          8       1280: 40% ━━━━╸─────── 24/59 8.4s/it 3:36<4:55[K      34/50         0G      1.707     0.7556     0.7444          9       1280: 42% ━━━━━─────── 25/59 8.4s/it 3:44<4:46[K      34/50         0G      1.714     0.7562     0.7406         11       1280: 44% ━━━━━─────── 26/59 8.4s/it 3:52<4:37[K      34/50         0G      1.713     0.7562     0.7398         13       1280: 45% ━━━━━─────── 27/59 8.4s/it 4:01<4:30[K      34/50         0G      1.716     0.7656      0.743          6       1280: 47% ━━━━━╸────── 28/59 8.4s/it 4:09<4:20[K      34/50         0G      1.726     0.7694     0.7399         13       1280: 49% ━━━━━╸────── 29/59 8.4s/it 4:18<4:13[K      34/50         0G      1.729     0.7711     0.7399         16       1280: 50% ━━━━━━────── 30/59 8.3s/it 4:26<4:01[K      34/50         0G      1.742     0.7757     0.7394         20       1280: 52% ━━━━━━────── 31/59 8.3s/it 4:34<3:51[K      34/50         0G      1.746     0.7751     0.7412         20       1280: 54% ━━━━━━╸───── 32/59 8.3s/it 4:42<3:45[K      34/50         0G      1.761     0.7775      0.744         12       1280: 55% ━━━━━━╸───── 33/59 8.4s/it 4:51<3:37[K      34/50         0G      1.775     0.7982     0.7551          9       1280: 57% ━━━━━━╸───── 34/59 8.3s/it 4:59<3:29[K      34/50         0G      1.777     0.8035     0.7523         19       1280: 59% ━━━━━━━───── 35/59 8.3s/it 5:07<3:19[K      34/50         0G      1.775     0.8028     0.7515         16       1280: 61% ━━━━━━━───── 36/59 8.3s/it 5:16<3:11[K      34/50         0G      1.774     0.8009     0.7519         12       1280: 62% ━━━━━━━╸──── 37/59 8.2s/it 5:24<3:01[K      34/50         0G      1.771     0.7974      0.751         12       1280: 64% ━━━━━━━╸──── 38/59 8.3s/it 5:32<2:53[K      34/50         0G      1.762     0.7947     0.7509          9       1280: 66% ━━━━━━━╸──── 39/59 8.3s/it 5:40<2:46[K      34/50         0G      1.766     0.7979     0.7526         12       1280: 67% ━━━━━━━━──── 40/59 8.3s/it 5:49<2:38[K      34/50         0G      1.756     0.7947     0.7529          5       1280: 69% ━━━━━━━━──── 41/59 8.4s/it 5:57<2:31[K      34/50         0G       1.76     0.7935     0.7525         10       1280: 71% ━━━━━━━━╸─── 42/59 8.4s/it 6:06<2:22[K      34/50         0G      1.757     0.7892      0.753         12       1280: 72% ━━━━━━━━╸─── 43/59 8.5s/it 6:14<2:15[K      34/50         0G      1.751     0.7933     0.7535          8       1280: 74% ━━━━━━━━╸─── 44/59 8.5s/it 6:23<2:07[K      34/50         0G      1.759     0.7922     0.7529         10       1280: 76% ━━━━━━━━━─── 45/59 8.4s/it 6:31<1:58[K      34/50         0G       1.76     0.7922     0.7546          8       1280: 77% ━━━━━━━━━─── 46/59 8.5s/it 6:40<1:50[K      34/50         0G      1.761     0.7943      0.756          9       1280: 79% ━━━━━━━━━╸── 47/59 8.5s/it 6:48<1:41[K      34/50         0G      1.765      0.793     0.7568         11       1280: 81% ━━━━━━━━━╸── 48/59 8.4s/it 6:56<1:32[K      34/50         0G      1.757      0.789     0.7561          9       1280: 83% ━━━━━━━━━╸── 49/59 8.4s/it 7:05<1:24[K      34/50         0G      1.758     0.7873     0.7548         14       1280: 84% ━━━━━━━━━━── 50/59 8.4s/it 7:13<1:16[K      34/50         0G       1.76     0.7873     0.7563         14       1280: 86% ━━━━━━━━━━── 51/59 8.3s/it 7:21<1:07[K      34/50         0G      1.769      0.788     0.7544         11       1280: 88% ━━━━━━━━━━╸─ 52/59 8.4s/it 7:30<58.7s[K      34/50         0G      1.769     0.7847     0.7559         11       1280: 89% ━━━━━━━━━━╸─ 53/59 8.4s/it 7:38<50.3s[K      34/50         0G      1.785     0.7969     0.7593          8       1280: 91% ━━━━━━━━━━╸─ 54/59 8.4s/it 7:46<41.8s[K      34/50         0G      1.784     0.7976     0.7593         14       1280: 93% ━━━━━━━━━━━─ 55/59 8.3s/it 7:55<33.2s[K      34/50         0G      1.781     0.7984     0.7594         10       1280: 94% ━━━━━━━━━━━─ 56/59 8.3s/it 8:03<25.0s[K      34/50         0G      1.788     0.8048     0.7591         14       1280: 96% ━━━━━━━━━━━╸ 57/59 8.6s/it 8:12<17.1s[K      34/50         0G      1.796     0.8065     0.7594         13       1280: 98% ━━━━━━━━━━━╸ 58/59 8.5s/it 8:20<8.5s[K      34/50         0G      1.796     0.8065     0.7594         13       1280: 100% ━━━━━━━━━━━━ 59/59 8.5s/it 8:20
[K                 Class     Images  Instances      Box(P          R      mAP50  mAP50-95): 11% ━─────────── 1/9 20.7s/it 6.2s<2:46[K                 Class     Images  Instances      Box(P          R      mAP50  mAP50-95): 22% ━━╸───────── 2/9 12.1s/it 12.4s<1:25[K                 Class     Images  Instances      Box(P          R      mAP50  mAP50-95): 33% ━━━━──────── 3/9 9.4s/it 18.5s<56.4s[K                 Class     Images  Instances      Box(P          R      mAP50  mAP50-95): 44% ━━━━━─────── 4/9 8.1s/it 24.7s<40.7s[K                 Class     Images  Instances      Box(P          R      mAP50  mAP50-95): 55% ━━━━━━╸───── 5/9 7.4s/it 30.9s<29.8s[K                 Class     Images  Instances      Box(P          R      mAP50  mAP50-95): 66% ━━━━━━━━──── 6/9 7.0s/it 37.1s<21.1s[K                 Class     Images  Instances      Box(P          R      mAP50  mAP50-95): 77% ━━━━━━━━━─── 7/9 6.7s/it 43.3s<13.5s[K                 Class     Images  Instances      Box(P          R      mAP50  mAP50-95): 88% ━━━━━━━━━━╸─ 8/9 6.6s/it 49.5s<6.6s[K                 Class     Images  Instances      Box(P          R      mAP50  mAP50-95): 100% ━━━━━━━━━━━━ 9/9 5.7s/it 51.2s
                   all        139        109      0.925      0.793      0.841      0.427

      Epoch    GPU_mem   box_loss   cls_loss   dfl_loss  Instances       Size
[K      35/50         0G       1.76     0.9598     0.8909         15       1280: 0% ──────────── 0/59  9.9s[K      35/50         0G      1.815      1.016     0.7782         11       1280: 1% ──────────── 1/59 28.8s/it 18.5s<27:52[K      35/50         0G      1.779     0.9442     0.7795         13       1280: 3% ──────────── 2/59 16.5s/it 26.8s<15:40[K      35/50         0G      1.798      1.279     0.7815          5       1280: 5% ╸─────────── 3/59 12.8s/it 35.1s<11:54[K      35/50         0G      1.909      1.438     0.7955         10       1280: 6% ╸─────────── 4/59 11.1s/it 43.6s<10:11[K      35/50         0G      1.976      1.365     0.7828         10       1280: 8% ━─────────── 5/59 10.1s/it 52.0s<9:06[K      35/50         0G      1.964      1.279     0.7631         13       1280: 10% ━─────────── 6/59 9.5s/it 1:00<8:25[K      35/50         0G      1.913      1.341     0.7695          8       1280: 11% ━─────────── 7/59 9.4s/it 1:10<8:10[K      35/50         0G      1.902      1.281     0.7634         12       1280: 13% ━╸────────── 8/59 9.1s/it 1:18<7:45[K      35/50         0G      1.881       1.25     0.7667          9       1280: 15% ━╸────────── 9/59 8.8s/it 1:26<7:22[K      35/50         0G      1.898      1.205     0.7595         13       1280: 16% ━━────────── 10/59 8.7s/it 1:35<7:05[K      35/50         0G      1.859      1.155     0.7504          6       1280: 18% ━━────────── 11/59 8.6s/it 1:43<6:53[K      35/50         0G      1.849      1.127     0.7458         15       1280: 20% ━━────────── 12/59 8.5s/it 1:51<6:39[K      35/50         0G      1.874      1.099     0.7482         11       1280: 22% ━━╸───────── 13/59 8.6s/it 2:00<6:35[K      35/50         0G      1.866       1.08     0.7527         11       1280: 23% ━━╸───────── 14/59 8.5s/it 2:08<6:23[K      35/50         0G      1.847      1.059     0.7535         10       1280: 25% ━━━───────── 15/59 8.5s/it 2:17<6:13[K      35/50         0G      1.837      1.041     0.7534          8       1280: 27% ━━━───────── 16/59 8.4s/it 2:25<6:03[K      35/50         0G      1.838      1.027      0.752         12       1280: 28% ━━━───────── 17/59 8.4s/it 2:34<5:53[K      35/50         0G       1.83      1.005     0.7517         14       1280: 30% ━━━╸──────── 18/59 8.4s/it 2:42<5:44[K      35/50         0G      1.811      0.985     0.7527         13       1280: 32% ━━━╸──────── 19/59 8.4s/it 2:50<5:35[K      35/50         0G      1.805     0.9758     0.7469         14       1280: 33% ━━━━──────── 20/59 8.4s/it 2:59<5:28[K      35/50         0G      1.799     0.9621     0.7437          8       1280: 35% ━━━━──────── 21/59 8.5s/it 3:08<5:24[K      35/50         0G      1.796     0.9562     0.7449          9       1280: 37% ━━━━──────── 22/59 8.5s/it 3:16<5:16[K      35/50         0G      1.794     0.9563     0.7464          9       1280: 38% ━━━━╸─────── 23/59 8.6s/it 3:25<5:10[K      35/50         0G      1.784     0.9445     0.7521          8       1280: 40% ━━━━╸─────── 24/59 8.5s/it 3:33<4:59[K      35/50         0G      1.778     0.9476     0.7508         12       1280: 42% ━━━━━─────── 25/59 8.5s/it 3:42<4:49[K      35/50         0G      1.765     0.9392     0.7518         10       1280: 44% ━━━━━─────── 26/59 8.5s/it 3:50<4:39[K      35/50         0G      1.785     0.9338     0.7502         15       1280: 45% ━━━━━─────── 27/59 8.5s/it 3:59<4:31[K      35/50         0G       1.79     0.9375     0.7499         12       1280: 47% ━━━━━╸────── 28/59 8.4s/it 4:07<4:21[K      35/50         0G      1.785     0.9284     0.7532          9       1280: 49% ━━━━━╸────── 29/59 8.4s/it 4:15<4:12[K      35/50         0G      1.776     0.9198     0.7536          9       1280: 50% ━━━━━━────── 30/59 8.4s/it 4:24<4:04[K      35/50         0G      1.781     0.9169     0.7524         12       1280: 52% ━━━━━━────── 31/59 8.5s/it 4:32<3:57[K      35/50         0G      1.779     0.9124     0.7529         14       1280: 54% ━━━━━━╸───── 32/59 8.4s/it 4:41<3:47[K      35/50         0G       1.78     0.9105     0.7534         15       1280: 55% ━━━━━━╸───── 33/59 8.4s/it 4:49<3:38[K      35/50         0G      1.784     0.9034     0.7541         18       1280: 57% ━━━━━━╸───── 34/59 8.4s/it 4:57<3:31[K      35/50         0G      1.778     0.8974     0.7514          5       1280: 59% ━━━━━━━───── 35/59 8.7s/it 5:07<3:28[K      35/50         0G      1.782     0.8919     0.7523         12       1280: 61% ━━━━━━━───── 36/59 8.5s/it 5:15<3:16[K      35/50         0G      1.792     0.8886     0.7526         16       1280: 62% ━━━━━━━╸──── 37/59 8.5s/it 5:23<3:06[K      35/50         0G      1.786      0.883     0.7527         16       1280: 64% ━━━━━━━╸──── 38/59 8.4s/it 5:32<2:56[K      35/50         0G      1.788     0.8769     0.7532         10       1280: 66% ━━━━━━━╸──── 39/59 8.4s/it 5:40<2:48[K      35/50         0G      1.793     0.8726     0.7528         13       1280: 67% ━━━━━━━━──── 40/59 8.3s/it 5:48<2:39[K      35/50         0G      1.801     0.8745     0.7508         15       1280: 69% ━━━━━━━━──── 41/59 8.3s/it 5:56<2:30[K      35/50         0G      1.793     0.8686     0.7512         11       1280: 71% ━━━━━━━━╸─── 42/59 8.3s/it 6:05<2:22[K      35/50         0G      1.792     0.8649     0.7516         14       1280: 72% ━━━━━━━━╸─── 43/59 8.4s/it 6:13<2:15[K      35/50         0G      1.783     0.8604     0.7512          6       1280: 74% ━━━━━━━━╸─── 44/59 8.5s/it 6:22<2:08[K      35/50         0G      1.772     0.8552     0.7517         11       1280: 76% ━━━━━━━━━─── 45/59 8.5s/it 6:31<1:59[K      35/50         0G      1.765     0.8551     0.7513         14       1280: 77% ━━━━━━━━━─── 46/59 8.5s/it 6:39<1:51[K      35/50         0G      1.765     0.8544      0.752         13       1280: 79% ━━━━━━━━━╸── 47/59 8.5s/it 6:48<1:42[K      35/50         0G       1.76     0.8515     0.7539         15       1280: 81% ━━━━━━━━━╸── 48/59 8.5s/it 6:56<1:33[K      35/50         0G      1.766     0.8509     0.7531         13       1280: 83% ━━━━━━━━━╸── 49/59 8.5s/it 7:05<1:25[K      35/50         0G      1.764     0.8467     0.7532          7       1280: 84% ━━━━━━━━━━── 50/59 8.6s/it 7:13<1:17[K      35/50         0G      1.769     0.8522      0.752         12       1280: 86% ━━━━━━━━━━── 51/59 8.6s/it 7:22<1:09[K      35/50         0G       1.77     0.8549     0.7521         13       1280: 88% ━━━━━━━━━━╸─ 52/59 8.5s/it 7:30<59.8s[K      35/50         0G      1.768     0.8531     0.7551          8       1280: 89% ━━━━━━━━━━╸─ 53/59 8.5s/it 7:39<51.2s[K      35/50         0G      1.771     0.8509     0.7574         15       1280: 91% ━━━━━━━━━━╸─ 54/59 8.5s/it 7:47<42.3s[K      35/50         0G      1.773     0.8493     0.7575         11       1280: 93% ━━━━━━━━━━━─ 55/59 8.5s/it 7:56<33.9s[K      35/50         0G      1.775     0.8492     0.7565         15       1280: 94% ━━━━━━━━━━━─ 56/59 8.5s/it 8:04<25.4s[K      35/50         0G      1.773     0.8464     0.7571         14       1280: 96% ━━━━━━━━━━━╸ 57/59 8.5s/it 8:13<16.9s[K      35/50         0G      1.776     0.8478     0.7555         19       1280: 98% ━━━━━━━━━━━╸ 58/59 8.4s/it 8:21<8.4s[K      35/50         0G      1.776     0.8478     0.7555         19       1280: 100% ━━━━━━━━━━━━ 59/59 8.5s/it 8:21
[K                 Class     Images  Instances      Box(P          R      mAP50  mAP50-95): 11% ━─────────── 1/9 20.8s/it 6.2s<2:47[K                 Class     Images  Instances      Box(P          R      mAP50  mAP50-95): 22% ━━╸───────── 2/9 12.2s/it 12.4s<1:25[K                 Class     Images  Instances      Box(P          R      mAP50  mAP50-95): 33% ━━━━──────── 3/9 9.4s/it 18.6s<56.6s[K                 Class     Images  Instances      Box(P          R      mAP50  mAP50-95): 44% ━━━━━─────── 4/9 8.2s/it 24.8s<40.9s[K                 Class     Images  Instances      Box(P          R      mAP50  mAP50-95): 55% ━━━━━━╸───── 5/9 7.5s/it 31.0s<29.8s[K                 Class     Images  Instances      Box(P          R      mAP50  mAP50-95): 66% ━━━━━━━━──── 6/9 7.0s/it 37.2s<21.1s[K                 Class     Images  Instances      Box(P          R      mAP50  mAP50-95): 77% ━━━━━━━━━─── 7/9 6.8s/it 43.4s<13.5s[K                 Class     Images  Instances      Box(P          R      mAP50  mAP50-95): 88% ━━━━━━━━━━╸─ 8/9 6.6s/it 49.6s<6.6s[K                 Class     Images  Instances      Box(P          R      mAP50  mAP50-95): 100% ━━━━━━━━━━━━ 9/9 5.7s/it 51.4s
                   all        139        109      0.935      0.794      0.833      0.433

      Epoch    GPU_mem   box_loss   cls_loss   dfl_loss  Instances       Size
[K      36/50         0G      1.489     0.8322     0.7154         13       1280: 0% ──────────── 0/59  9.3s[K      36/50         0G      1.666     0.6992     0.7464         11       1280: 1% ──────────── 1/59 29.1s/it 18.0s<28:08[K      36/50         0G      1.764     0.8526     0.7369         17       1280: 3% ──────────── 2/59 16.7s/it 26.4s<15:52[K      36/50         0G      1.793      0.861     0.7235         19       1280: 5% ╸─────────── 3/59 12.7s/it 34.5s<11:50[K      36/50         0G      1.766     0.8464     0.7364          9       1280: 6% ╸─────────── 4/59 11.0s/it 43.0s<10:08[K      36/50         0G      1.686     0.8166     0.7336          9       1280: 8% ━─────────── 5/59 10.3s/it 51.9s<9:16[K      36/50         0G      1.644     0.8163     0.7295          7       1280: 10% ━─────────── 6/59 9.6s/it 1:00<8:31[K      36/50         0G      1.613     0.7823      0.736          9       1280: 11% ━─────────── 7/59 9.3s/it 1:09<8:05[K      36/50         0G      1.605     0.7727     0.7352         13       1280: 13% ━╸────────── 8/59 9.0s/it 1:17<7:40[K      36/50         0G      1.587     0.7719     0.7282          7       1280: 15% ━╸────────── 9/59 9.0s/it 1:26<7:29[K      36/50         0G      1.623      0.791     0.7338         15       1280: 16% ━━────────── 10/59 8.8s/it 1:35<7:11[K      36/50         0G      1.633     0.7847     0.7365         13       1280: 18% ━━────────── 11/59 8.7s/it 1:43<6:57[K      36/50         0G      1.641     0.7842     0.7414          9       1280: 20% ━━────────── 12/59 8.6s/it 1:52<6:45[K      36/50         0G      1.606     0.7755     0.7499         11       1280: 22% ━━╸───────── 13/59 8.7s/it 2:01<6:42[K      36/50         0G      1.589     0.7616     0.7497          7       1280: 23% ━━╸───────── 14/59 8.7s/it 2:09<6:32[K      36/50         0G      1.612     0.7571     0.7432         10       1280: 25% ━━━───────── 15/59 8.6s/it 2:18<6:20[K      36/50         0G      1.611     0.7504      0.742         10       1280: 27% ━━━───────── 16/59 8.5s/it 2:26<6:06[K      36/50         0G      1.617      0.746     0.7437         15       1280: 28% ━━━───────── 17/59 8.6s/it 2:35<6:02[K      36/50         0G      1.634     0.7424     0.7437          9       1280: 30% ━━━╸──────── 18/59 8.5s/it 2:43<5:48[K      36/50         0G      1.627     0.7437      0.748         13       1280: 32% ━━━╸──────── 19/59 8.6s/it 2:52<5:44[K      36/50         0G      1.648     0.7608     0.7465         10       1280: 33% ━━━━──────── 20/59 8.6s/it 3:00<5:34[K      36/50         0G      1.662     0.7665     0.7452         16       1280: 35% ━━━━──────── 21/59 8.5s/it 3:09<5:22[K      36/50         0G      1.654     0.7679     0.7474         10       1280: 37% ━━━━──────── 22/59 8.5s/it 3:17<5:14[K      36/50         0G      1.651     0.7716     0.7478         12       1280: 38% ━━━━╸─────── 23/59 8.5s/it 3:26<5:05[K      36/50         0G      1.657     0.7865     0.7469          9       1280: 40% ━━━━╸─────── 24/59 8.4s/it 3:34<4:55[K      36/50         0G      1.651     0.7828     0.7474         11       1280: 42% ━━━━━─────── 25/59 8.4s/it 3:42<4:47[K      36/50         0G      1.658     0.7838     0.7493         11       1280: 44% ━━━━━─────── 26/59 8.4s/it 3:51<4:39[K      36/50         0G      1.655     0.7877     0.7484          7       1280: 45% ━━━━━─────── 27/59 8.6s/it 3:60<4:35[K      36/50         0G      1.652     0.7854     0.7523          7       1280: 47% ━━━━━╸────── 28/59 8.6s/it 4:08<4:25[K      36/50         0G      1.651     0.7837     0.7545         17       1280: 49% ━━━━━╸────── 29/59 8.5s/it 4:16<4:14[K      36/50         0G      1.646     0.7798     0.7548         22       1280: 50% ━━━━━━────── 30/59 8.4s/it 4:25<4:04[K      36/50         0G      1.638      0.774      0.756          7       1280: 52% ━━━━━━────── 31/59 8.4s/it 4:33<3:56[K      36/50         0G      1.637      0.773     0.7588         11       1280: 54% ━━━━━━╸───── 32/59 8.4s/it 4:41<3:46[K      36/50         0G      1.653     0.7836     0.7588         19       1280: 55% ━━━━━━╸───── 33/59 8.5s/it 4:50<3:41[K      36/50         0G      1.649     0.7799     0.7609         13       1280: 57% ━━━━━━╸───── 34/59 8.4s/it 4:59<3:31[K      36/50         0G      1.659     0.7765     0.7612         12       1280: 59% ━━━━━━━───── 35/59 8.4s/it 5:07<3:22[K      36/50         0G      1.656      0.774     0.7618         14       1280: 61% ━━━━━━━───── 36/59 8.4s/it 5:15<3:13[K      36/50         0G       1.65     0.7699     0.7595         18       1280: 62% ━━━━━━━╸──── 37/59 8.4s/it 5:24<3:06[K      36/50         0G       1.65     0.7676     0.7567         10       1280: 64% ━━━━━━━╸──── 38/59 8.4s/it 5:32<2:57[K      36/50         0G      1.647      0.773     0.7571         11       1280: 66% ━━━━━━━╸──── 39/59 8.4s/it 5:41<2:48[K      36/50         0G      1.655     0.7702      0.755         10       1280: 67% ━━━━━━━━──── 40/59 8.4s/it 5:49<2:40[K      36/50         0G      1.651     0.7681     0.7548         13       1280: 69% ━━━━━━━━──── 41/59 8.4s/it 5:58<2:31[K      36/50         0G       1.65     0.7697     0.7553          9       1280: 71% ━━━━━━━━╸─── 42/59 8.4s/it 6:06<2:23[K      36/50         0G      1.653     0.7704     0.7542         11       1280: 72% ━━━━━━━━╸─── 43/59 8.4s/it 6:14<2:14[K      36/50         0G      1.656      0.769     0.7544         10       1280: 74% ━━━━━━━━╸─── 44/59 8.3s/it 6:23<2:05[K      36/50         0G      1.661     0.7689     0.7535         16       1280: 76% ━━━━━━━━━─── 45/59 8.3s/it 6:31<1:56[K      36/50         0G       1.66     0.7652     0.7525         20       1280: 77% ━━━━━━━━━─── 46/59 8.3s/it 6:39<1:48[K      36/50         0G      1.659     0.7638     0.7544         14       1280: 79% ━━━━━━━━━╸── 47/59 8.5s/it 6:48<1:42[K      36/50         0G      1.664     0.7631     0.7528         12       1280: 81% ━━━━━━━━━╸── 48/59 8.4s/it 6:56<1:33[K      36/50         0G      1.658     0.7602      0.754         11       1280: 83% ━━━━━━━━━╸── 49/59 8.5s/it 7:05<1:25[K      36/50         0G      1.654     0.7588     0.7551          9       1280: 84% ━━━━━━━━━━── 50/59 8.4s/it 7:13<1:16[K      36/50         0G      1.658     0.7579     0.7535         15       1280: 86% ━━━━━━━━━━── 51/59 8.4s/it 7:22<1:07[K      36/50         0G      1.656     0.7571     0.7559          5       1280: 88% ━━━━━━━━━━╸─ 52/59 8.4s/it 7:30<58.5s[K      36/50         0G      1.664     0.7556     0.7541         12       1280: 89% ━━━━━━━━━━╸─ 53/59 8.3s/it 7:38<49.8s[K      36/50         0G      1.663     0.7536      0.755         10       1280: 91% ━━━━━━━━━━╸─ 54/59 8.5s/it 7:47<42.4s[K      36/50         0G      1.672     0.7576     0.7545         13       1280: 93% ━━━━━━━━━━━─ 55/59 8.6s/it 7:56<34.4s[K      36/50         0G      1.673     0.7564     0.7541         17       1280: 94% ━━━━━━━━━━━─ 56/59 8.6s/it 8:04<25.7s[K      36/50         0G      1.673     0.7582     0.7549          8       1280: 96% ━━━━━━━━━━━╸ 57/59 8.5s/it 8:13<17.0s[K      36/50         0G      1.671     0.7568     0.7562          9       1280: 98% ━━━━━━━━━━━╸ 58/59 8.4s/it 8:21<8.4s[K      36/50         0G      1.671     0.7568     0.7562          9       1280: 100% ━━━━━━━━━━━━ 59/59 8.5s/it 8:21
[K                 Class     Images  Instances      Box(P          R      mAP50  mAP50-95): 11% ━─────────── 1/9 20.8s/it 6.2s<2:46[K                 Class     Images  Instances      Box(P          R      mAP50  mAP50-95): 22% ━━╸───────── 2/9 12.1s/it 12.4s<1:25[K                 Class     Images  Instances      Box(P          R      mAP50  mAP50-95): 33% ━━━━──────── 3/9 9.4s/it 18.6s<56.4s[K                 Class     Images  Instances      Box(P          R      mAP50  mAP50-95): 44% ━━━━━─────── 4/9 8.2s/it 24.8s<40.8s[K                 Class     Images  Instances      Box(P          R      mAP50  mAP50-95): 55% ━━━━━━╸───── 5/9 7.4s/it 31.0s<29.8s[K                 Class     Images  Instances      Box(P          R      mAP50  mAP50-95): 66% ━━━━━━━━──── 6/9 7.0s/it 37.2s<21.1s[K                 Class     Images  Instances      Box(P          R      mAP50  mAP50-95): 77% ━━━━━━━━━─── 7/9 6.8s/it 43.4s<13.5s[K                 Class     Images  Instances      Box(P          R      mAP50  mAP50-95): 88% ━━━━━━━━━━╸─ 8/9 6.6s/it 49.6s<6.6s[K                 Class     Images  Instances      Box(P          R      mAP50  mAP50-95): 100% ━━━━━━━━━━━━ 9/9 5.7s/it 51.3s
                   all        139        109      0.936      0.804      0.849      0.433

      Epoch    GPU_mem   box_loss   cls_loss   dfl_loss  Instances       Size
[K      37/50         0G      1.863     0.6151     0.7282         15       1280: 0% ──────────── 0/59  9.0s[K      37/50         0G      1.647     0.6216     0.7313         10       1280: 1% ──────────── 1/59 28.7s/it 17.7s<27:44[K      37/50         0G      1.585     0.6511     0.6935          8       1280: 3% ──────────── 2/59 16.6s/it 26.0s<15:44[K      37/50         0G      1.641     0.6667     0.6982         13       1280: 5% ╸─────────── 3/59 13.5s/it 35.4s<12:35[K      37/50         0G      1.606     0.6615     0.7238          7       1280: 6% ╸─────────── 4/59 11.4s/it 43.7s<10:24[K      37/50         0G      1.676     0.7046     0.7236         15       1280: 8% ━─────────── 5/59 10.3s/it 52.0s<9:14[K      37/50         0G      1.639     0.6842     0.7344          9       1280: 10% ━─────────── 6/59 9.5s/it 1:00<8:25[K      37/50         0G      1.646     0.6906     0.7444          9       1280: 11% ━─────────── 7/59 9.2s/it 1:09<7:59[K      37/50         0G      1.655     0.6994     0.7555          8       1280: 13% ━╸────────── 8/59 9.1s/it 1:18<7:45[K      37/50         0G      1.682     0.7073     0.7522         16       1280: 15% ━╸────────── 9/59 9.0s/it 1:26<7:30[K      37/50         0G      1.678     0.6944     0.7556         10       1280: 16% ━━────────── 10/59 8.9s/it 1:35<7:16[K      37/50         0G      1.704     0.7359     0.7494         11       1280: 18% ━━────────── 11/59 8.9s/it 1:44<7:08[K      37/50         0G      1.724     0.7403     0.7503         11       1280: 20% ━━────────── 12/59 8.7s/it 1:52<6:49[K      37/50         0G      1.719     0.7286     0.7535         10       1280: 22% ━━╸───────── 13/59 8.6s/it 2:01<6:35[K      37/50         0G      1.711     0.7235     0.7491         12       1280: 23% ━━╸───────── 14/59 8.5s/it 2:09<6:23[K      37/50         0G      1.713      0.722     0.7505         17       1280: 25% ━━━───────── 15/59 8.4s/it 2:17<6:10[K      37/50         0G        1.7     0.7194     0.7504         19       1280: 27% ━━━───────── 16/59 8.4s/it 2:25<6:00[K      37/50         0G      1.703     0.7117     0.7514          7       1280: 28% ━━━───────── 17/59 8.6s/it 2:34<5:60[K      37/50         0G      1.697     0.7127     0.7545         16       1280: 30% ━━━╸──────── 18/59 8.5s/it 2:43<5:49[K      37/50         0G      1.683     0.7046     0.7553         13       1280: 32% ━━━╸──────── 19/59 8.4s/it 2:51<5:37[K      37/50         0G      1.678     0.7029     0.7552         14       1280: 33% ━━━━──────── 20/59 8.3s/it 2:59<5:24[K      37/50         0G      1.676     0.7451     0.7579          9       1280: 35% ━━━━──────── 21/59 8.3s/it 3:08<5:17[K      37/50         0G      1.663     0.7496     0.7642         10       1280: 37% ━━━━──────── 22/59 8.4s/it 3:16<5:11[K      37/50         0G      1.673      0.751     0.7638         12       1280: 38% ━━━━╸─────── 23/59 8.5s/it 3:25<5:07[K      37/50         0G      1.665     0.7431     0.7607         12       1280: 40% ━━━━╸─────── 24/59 8.6s/it 3:34<4:60[K      37/50         0G      1.655     0.7365      0.759          9       1280: 42% ━━━━━─────── 25/59 8.5s/it 3:42<4:50[K      37/50         0G      1.673     0.7453     0.7532         15       1280: 44% ━━━━━─────── 26/59 8.4s/it 3:50<4:39[K      37/50         0G      1.669     0.7472     0.7554         10       1280: 45% ━━━━━─────── 27/59 8.7s/it 3:60<4:38[K      37/50         0G      1.664     0.7409     0.7521         12       1280: 47% ━━━━━╸────── 28/59 8.5s/it 4:08<4:24[K      37/50         0G      1.661     0.7427     0.7523         13       1280: 49% ━━━━━╸────── 29/59 8.4s/it 4:16<4:13[K      37/50         0G       1.66     0.7408     0.7505         16       1280: 50% ━━━━━━────── 30/59 8.4s/it 4:24<4:03[K      37/50         0G      1.657     0.7425     0.7522          9       1280: 52% ━━━━━━────── 31/59 8.4s/it 4:33<3:56[K      37/50         0G      1.652     0.7395     0.7496          7       1280: 54% ━━━━━━╸───── 32/59 8.5s/it 4:41<3:48[K      37/50         0G      1.646      0.737       0.75         17       1280: 55% ━━━━━━╸───── 33/59 8.4s/it 4:50<3:40[K      37/50         0G      1.646     0.7331      0.752         12       1280: 57% ━━━━━━╸───── 34/59 8.4s/it 4:58<3:31[K      37/50         0G      1.647     0.7351     0.7527         10       1280: 59% ━━━━━━━───── 35/59 8.4s/it 5:07<3:23[K      37/50         0G      1.653     0.7388     0.7544          9       1280: 61% ━━━━━━━───── 36/59 8.4s/it 5:15<3:13[K      37/50         0G      1.661     0.7572     0.7493          6       1280: 62% ━━━━━━━╸──── 37/59 8.3s/it 5:23<3:03[K      37/50         0G      1.658     0.7533     0.7485         11       1280: 64% ━━━━━━━╸──── 38/59 8.3s/it 5:31<2:55[K      37/50         0G      1.659      0.753     0.7446         17       1280: 66% ━━━━━━━╸──── 39/59 8.3s/it 5:39<2:45[K      37/50         0G      1.658     0.7516     0.7432          8       1280: 67% ━━━━━━━━──── 40/59 8.4s/it 5:48<2:39[K      37/50         0G      1.674     0.7587     0.7442          8       1280: 69% ━━━━━━━━──── 41/59 8.4s/it 5:57<2:31[K      37/50         0G      1.677     0.7715     0.7444         15       1280: 71% ━━━━━━━━╸─── 42/59 8.4s/it 6:05<2:23[K      37/50         0G       1.68     0.7733      0.746          9       1280: 72% ━━━━━━━━╸─── 43/59 8.4s/it 6:13<2:15[K      37/50         0G      1.683     0.7702     0.7457         17       1280: 74% ━━━━━━━━╸─── 44/59 8.4s/it 6:22<2:07[K      37/50         0G      1.682     0.7685     0.7472         15       1280: 76% ━━━━━━━━━─── 45/59 8.4s/it 6:30<1:58[K      37/50         0G      1.686     0.7789     0.7473         10       1280: 77% ━━━━━━━━━─── 46/59 8.5s/it 6:39<1:51[K      37/50         0G      1.684     0.7753     0.7469         13       1280: 79% ━━━━━━━━━╸── 47/59 8.6s/it 6:48<1:43[K      37/50         0G      1.685     0.7738     0.7459         16       1280: 81% ━━━━━━━━━╸── 48/59 8.5s/it 6:56<1:34[K      37/50         0G      1.676     0.7717     0.7446          7       1280: 83% ━━━━━━━━━╸── 49/59 8.4s/it 7:04<1:24[K      37/50         0G      1.673     0.7709     0.7439         13       1280: 84% ━━━━━━━━━━── 50/59 8.5s/it 7:13<1:17[K      37/50         0G      1.672     0.7739     0.7467          7       1280: 86% ━━━━━━━━━━── 51/59 8.8s/it 7:23<1:11[K      37/50         0G      1.672     0.7753     0.7447         14       1280: 88% ━━━━━━━━━━╸─ 52/59 8.7s/it 7:31<1:01[K      37/50         0G      1.673     0.7766     0.7441         13       1280: 89% ━━━━━━━━━━╸─ 53/59 8.6s/it 7:40<51.9s[K      37/50         0G      1.675     0.7772     0.7435         14       1280: 91% ━━━━━━━━━━╸─ 54/59 8.5s/it 7:48<42.7s[K      37/50         0G      1.673     0.7768     0.7437          8       1280: 93% ━━━━━━━━━━━─ 55/59 8.5s/it 7:57<34.2s[K      37/50         0G      1.675     0.7785     0.7453         11       1280: 94% ━━━━━━━━━━━─ 56/59 8.5s/it 8:05<25.4s[K      37/50         0G      1.674     0.7785     0.7439         11       1280: 96% ━━━━━━━━━━━╸ 57/59 8.4s/it 8:13<16.7s[K      37/50         0G      1.671     0.7767     0.7448         13       1280: 98% ━━━━━━━━━━━╸ 58/59 8.4s/it 8:22<8.4s[K      37/50         0G      1.671     0.7767     0.7448         13       1280: 100% ━━━━━━━━━━━━ 59/59 8.5s/it 8:22
[K                 Class     Images  Instances      Box(P          R      mAP50  mAP50-95): 11% ━─────────── 1/9 20.8s/it 6.2s<2:46[K                 Class     Images  Instances      Box(P          R      mAP50  mAP50-95): 22% ━━╸───────── 2/9 12.2s/it 12.4s<1:25[K                 Class     Images  Instances      Box(P          R      mAP50  mAP50-95): 33% ━━━━──────── 3/9 9.4s/it 18.6s<56.6s[K                 Class     Images  Instances      Box(P          R      mAP50  mAP50-95): 44% ━━━━━─────── 4/9 8.2s/it 24.8s<40.8s[K                 Class     Images  Instances      Box(P          R      mAP50  mAP50-95): 55% ━━━━━━╸───── 5/9 7.5s/it 31.0s<29.8s[K                 Class     Images  Instances      Box(P          R      mAP50  mAP50-95): 66% ━━━━━━━━──── 6/9 7.0s/it 37.2s<21.1s[K                 Class     Images  Instances      Box(P          R      mAP50  mAP50-95): 77% ━━━━━━━━━─── 7/9 6.8s/it 43.4s<13.5s[K                 Class     Images  Instances      Box(P          R      mAP50  mAP50-95): 88% ━━━━━━━━━━╸─ 8/9 6.6s/it 49.6s<6.6s[K                 Class     Images  Instances      Box(P          R      mAP50  mAP50-95): 100% ━━━━━━━━━━━━ 9/9 5.7s/it 51.4s
                   all        139        109      0.911       0.78      0.807      0.443
[34m[1mEarlyStopping: [0mTraining stopped early as no improvement observed in last 10 epochs. Best results observed at epoch 27, best model saved as best.pt.
To update EarlyStopping(patience=10) pass a new patience value, i.e. `patience=300` or use `patience=0` to disable EarlyStopping.

37 epochs completed in 5.734 hours.
Optimizer stripped from /Users/riepham/Downloads/BadmintonCV/runs/detect/runs/shuttlecock_only/weights/last.pt, 22.6MB
Optimizer stripped from /Users/riepham/Downloads/BadmintonCV/runs/detect/runs/shuttlecock_only/weights/best.pt, 22.6MB

Validating /Users/riepham/Downloads/BadmintonCV/runs/detect/runs/shuttlecock_only/weights/best.pt...
Ultralytics 8.4.129 🚀 Python-3.13.9 torch-2.13.0 CPU (Apple M4 Pro)
Model summary (fused): 73 layers, 11,125,971 parameters, 0 gradients, 28.4 GFLOPs
[K                 Class     Images  Instances      Box(P          R      mAP50  mAP50-95): 11% ━─────────── 1/9 20.2s/it 6.1s<2:41[K                 Class     Images  Instances      Box(P          R      mAP50  mAP50-95): 22% ━━╸───────── 2/9 11.9s/it 12.1s<1:23[K                 Class     Images  Instances      Box(P          R      mAP50  mAP50-95): 33% ━━━━──────── 3/9 9.2s/it 18.2s<55.5s[K                 Class     Images  Instances      Box(P          R      mAP50  mAP50-95): 44% ━━━━━─────── 4/9 8.0s/it 24.3s<39.9s[K                 Class     Images  Instances      Box(P          R      mAP50  mAP50-95): 55% ━━━━━━╸───── 5/9 7.3s/it 30.3s<29.1s[K                 Class     Images  Instances      Box(P          R      mAP50  mAP50-95): 66% ━━━━━━━━──── 6/9 6.8s/it 36.3s<20.5s[K                 Class     Images  Instances      Box(P          R      mAP50  mAP50-95): 77% ━━━━━━━━━─── 7/9 6.6s/it 42.3s<13.1s[K                 Class     Images  Instances      Box(P          R      mAP50  mAP50-95): 88% ━━━━━━━━━━╸─ 8/9 6.4s/it 48.3s<6.4s[K                 Class     Images  Instances      Box(P          R      mAP50  mAP50-95): 100% ━━━━━━━━━━━━ 9/9 5.5s/it 49.9s
                   all        139        109      0.933      0.761      0.815      0.455
Speed: 1.3ms preprocess, 351.6ms inference, 0.0ms loss, 0.3ms postprocess per image
Results saved to [1m/Users/riepham/Downloads/BadmintonCV/runs/detect/runs/shuttlecock_only[0m

Training complete.
Best weights saved at: runs/badminton_finetune/weights/best.pt
Validation metrics (mAP, precision, recall) are in: runs/badminton_finetune/results.csv
